Signal_ID,Date,Signal_Type,Signal_Strength,Confidence_Score,Entry_Price,Exit_Price,Predicted_Price,Target_Price,Stop_Loss_Price,Actual_Gain_Loss_Pct,Actual_Gain_Loss_Amount,Max_Gain_During_Period,Max_Loss_During_Period,Volatility_During_Period,Prediction_Accuracy,Target_Hit,Stop_Loss_Hit,Exit_Reason,Planned_Duration_Days,Actual_Duration_Days,Annualized_Return_Pct,Risk_Reward_Ratio,Portfolio_Value_After_Trade,Predicted_Trend,Actual_Trend,Trade_Success,High_Confidence
SIG_0001,Day_0,SELL,Strong,37.37,66.47,36.36,3016.97,73.12,64.48,-45.3,0.0,1.58,-45.3,46.88,Correct,No,Yes,Stop_Loss,5,2,-8267.0,3.33,100000.0,Bearish,Bearish,Loss,Yes
SIG_0002,Day_1,BUY,Strong,48.12,67.52,36.36,4468.78,74.27,65.49,-46.15,-4614.93,0.0,-46.15,46.15,Correct,No,Yes,Stop_Loss,5,1,-16844.49,3.33,95385.07,Bullish,Bullish,Loss,Yes
SIG_0003,Day_2,SELL,Strong,33.65,36.36,66.87,2964.88,40.0,35.27,83.91,0.0,83.91,0.0,83.91,Incorrect,Yes,No,Target_Hit,5,1,30627.48,3.33,95385.07,Bearish,Bullish,Profitable,Yes
SIG_0004,Day_3,BUY,Strong,51.52,66.87,36.39,4492.32,73.56,64.86,-45.58,-4347.74,0.0,-45.58,45.58,Incorrect,No,Yes,Stop_Loss,5,1,-16637.06,3.33,91037.33,Bullish,Bearish,Loss,Yes
SIG_0005,Day_4,SELL,Strong,30.78,36.39,67.62,3109.6,40.03,35.3,85.82,0.0,85.82,-1.15,86.97,Incorrect,Yes,No,Target_Hit,5,2,15662.2,3.33,91037.33,Bearish,Bullish,Profitable,Yes
SIG_0006,Day_5,BUY,Weak,0.94,35.97,67.62,3138.78,39.57,34.89,87.99,8010.37,87.99,0.0,87.99,Correct,Yes,No,Target_Hit,5,1,32116.35,3.33,99047.7,Bullish,Bullish,Profitable,No
SIG_0007,Day_6,BUY,Strong,54.21,67.62,35.88,4840.4,74.38,65.59,-46.94,-4649.18,0.0,-46.94,46.94,Incorrect,No,Yes,Stop_Loss,5,2,-8566.33,3.33,94398.52,Bullish,Bearish,Loss,Yes
SIG_0008,Day_7,SELL,Strong,30.75,67.56,35.88,3351.82,74.32,65.53,-46.89,0.0,0.0,-46.89,46.89,Correct,No,Yes,Stop_Loss,5,1,-17115.45,3.33,94398.52,Bearish,Bearish,Loss,Yes
SIG_0009,Day_8,BUY,Strong,45.96,35.88,68.04,4892.2,39.47,34.8,89.63,8461.14,89.63,0.0,89.63,Correct,Yes,No,Target_Hit,5,1,32715.72,3.33,102859.66,Bullish,Bullish,Profitable,Yes
SIG_0010,Day_9,SELL,Strong,30.96,68.04,36.52,3377.46,74.84,66.0,-46.33,0.0,0.0,-46.33,46.33,Correct,No,Yes,Stop_Loss,5,1,-16908.88,3.33,102859.66,Bearish,Bearish,Loss,Yes
SIG_0011,Day_10,BUY,Strong,43.58,36.52,66.66,4849.41,40.17,35.42,82.53,8489.02,82.53,0.0,82.53,Correct,Yes,No,Target_Hit,5,1,30123.49,3.33,111348.68,Bullish,Bullish,Profitable,Yes
SIG_0012,Day_11,SELL,Strong,35.65,66.66,36.58,3120.51,73.33,64.66,-45.12,0.0,0.0,-45.12,45.12,Incorrect,No,Yes,Stop_Loss,5,1,-16470.45,3.33,111348.68,Bearish,Bullish,Loss,Yes
SIG_0013,Day_12,BUY,Strong,50.53,36.58,74.27,4697.34,40.24,35.48,103.03,11472.75,103.03,0.0,103.03,Correct,Yes,No,Target_Hit,5,1,37607.57,3.33,122821.43,Bullish,Bullish,Profitable,Yes
SIG_0014,Day_13,SELL,Medium,1.32,74.27,40.1,4635.45,81.7,72.04,-46.01,0.0,0.0,-46.01,46.01,Correct,No,Yes,Stop_Loss,5,1,-16792.85,3.33,122821.43,Bearish,Bearish,Loss,No
SIG_0015,Day_14,SELL,Strong,36.79,40.1,74.31,2930.12,44.11,38.9,85.31,0.0,85.31,0.0,85.31,Correct,Yes,No,Target_Hit,5,2,15569.39,3.33,122821.43,Bearish,Bearish,Profitable,Yes
SIG_0016,Day_15,BUY,Strong,48.36,41.66,74.31,4347.18,45.83,40.41,78.37,9625.83,78.37,0.0,78.37,Correct,Yes,No,Target_Hit,5,1,28605.98,3.33,132447.26,Bullish,Bullish,Profitable,Yes
SIG_0017,Day_16,SELL,Strong,34.75,74.31,41.39,2836.64,81.74,72.08,-44.3,0.0,0.0,-44.3,44.3,Correct,No,Yes,Stop_Loss,5,1,-16169.83,3.33,132447.26,Bearish,Bearish,Loss,Yes
SIG_0018,Day_17,BUY,Strong,8.99,41.39,72.99,3091.57,45.53,40.15,76.35,10111.94,76.35,0.0,76.35,Correct,Yes,No,Target_Hit,5,1,27866.63,3.33,142559.2,Bullish,Bullish,Profitable,Yes
SIG_0019,Day_18,BUY,Strong,58.1,72.99,39.82,4887.66,80.29,70.8,-45.44,-6478.54,0.0,-45.44,45.44,Incorrect,No,Yes,Stop_Loss,5,1,-16587.27,3.33,136080.66,Bullish,Bearish,Loss,Yes
SIG_0020,Day_19,SELL,Strong,29.47,39.82,72.02,3447.1,43.8,38.63,80.86,0.0,80.86,0.0,80.86,Incorrect,Yes,No,Target_Hit,5,1,29515.32,3.33,136080.66,Bearish,Bullish,Profitable,Yes
SIG_0021,Day_20,BUY,Strong,45.86,72.02,39.04,5028.07,79.22,69.86,-45.79,-6231.52,0.0,-45.79,45.79,Incorrect,No,Yes,Stop_Loss,5,1,-16714.38,3.33,129849.14,Bullish,Bearish,Loss,Yes
SIG_0022,Day_21,SELL,Strong,30.55,39.04,70.55,3491.75,42.94,37.87,80.71,0.0,80.71,0.0,80.71,Incorrect,Yes,No,Target_Hit,5,1,29459.91,3.33,129849.14,Bearish,Bullish,Profitable,Yes
SIG_0023,Day_22,BUY,Strong,40.89,70.55,40.55,4919.49,77.6,68.43,-42.52,-5521.58,0.26,-42.52,42.78,Incorrect,No,Yes,Stop_Loss,5,2,-7760.45,3.33,124327.56,Bullish,Bearish,Loss,Yes
SIG_0024,Day_23,SELL,Strong,32.9,70.73,40.55,3300.98,77.8,68.61,-42.67,0.0,0.0,-42.67,42.67,Correct,No,Yes,Stop_Loss,5,1,-15574.3,3.33,124327.56,Bearish,Bearish,Loss,Yes
SIG_0025,Day_24,BUY,Strong,41.94,40.55,69.46,4685.27,44.6,39.33,71.29,8863.9,71.29,0.0,71.29,Incorrect,Yes,No,Target_Hit,5,1,26022.56,3.33,133191.46,Bullish,Bearish,Profitable,Yes
SIG_0026,Day_25,BUY,Weak,0.91,69.46,39.69,4728.11,76.41,67.38,-42.86,-5708.48,0.0,-42.86,42.86,Correct,No,Yes,Stop_Loss,5,1,-15643.61,3.33,127482.98,Bullish,Bullish,Loss,No
SIG_0027,Day_26,SELL,Strong,32.39,39.69,70.51,3196.8,43.66,38.5,77.65,0.0,77.65,-1.18,78.84,Correct,Yes,No,Target_Hit,5,2,14171.45,3.33,127482.98,Bearish,Bearish,Profitable,Yes
SIG_0028,Day_27,SELL,Strong,4.2,39.22,70.51,3062.6,43.14,38.04,79.78,0.0,79.78,0.0,79.78,Incorrect,Yes,No,Target_Hit,5,1,29119.96,3.33,127482.98,Bearish,Bullish,Profitable,Yes
SIG_0029,Day_28,BUY,Strong,48.61,70.51,39.2,4551.28,77.56,68.39,-44.41,-5660.89,0.0,-44.41,44.41,Incorrect,No,Yes,Stop_Loss,5,1,-16207.84,3.33,121822.09,Bullish,Bearish,Loss,Yes
SIG_0030,Day_29,SELL,Strong,30.2,39.2,69.61,3176.93,43.12,38.02,77.58,0.0,77.58,0.0,77.58,Incorrect,Yes,No,Target_Hit,5,1,28315.43,3.33,121822.09,Bearish,Bullish,Profitable,Yes
SIG_0031,Day_30,BUY,Strong,48.46,69.61,39.09,4716.51,76.57,67.52,-43.84,-5341.2,0.0,-43.84,43.84,Incorrect,No,Yes,Stop_Loss,5,1,-16003.16,3.33,116480.89,Bullish,Bearish,Loss,Yes
SIG_0032,Day_31,SELL,Strong,33.53,39.09,70.68,3134.86,43.0,37.92,80.81,0.0,80.81,0.0,80.81,Incorrect,Yes,No,Target_Hit,5,1,29496.93,3.33,116480.89,Bearish,Bullish,Profitable,Yes
SIG_0033,Day_32,BUY,Strong,48.27,70.68,38.38,4648.08,77.75,68.56,-45.7,-5323.05,0.0,-45.7,45.7,Incorrect,No,Yes,Stop_Loss,5,1,-16680.11,3.33,111157.84,Bullish,Bearish,Loss,Yes
SIG_0034,Day_33,BUY,Weak,0.04,38.38,68.92,4649.89,42.22,37.23,79.57,8845.13,79.57,0.0,79.57,Correct,Yes,No,Target_Hit,5,1,29044.03,3.33,120002.96,Bullish,Bullish,Profitable,No
SIG_0035,Day_34,SELL,Strong,35.62,68.92,37.35,2993.82,75.81,66.85,-45.81,0.0,0.0,-45.81,45.81,Incorrect,No,Yes,Stop_Loss,5,1,-16719.46,3.33,120002.96,Bearish,Bullish,Loss,Yes
SIG_0036,Day_35,BUY,Strong,42.56,37.35,67.89,4268.07,41.09,36.23,81.77,9812.29,81.77,0.0,81.77,Correct,Yes,No,Target_Hit,5,1,29844.98,3.33,129815.25,Bullish,Bullish,Profitable,Yes
SIG_0037,Day_36,SELL,Strong,33.5,67.89,39.31,2838.25,74.68,65.85,-42.1,0.0,2.84,-42.1,44.94,Incorrect,No,Yes,Stop_Loss,5,2,-7682.8,3.33,129815.25,Bearish,Bullish,Loss,Yes
SIG_0038,Day_37,BUY,Strong,53.43,69.82,39.31,4354.82,76.8,67.73,-43.7,-5672.68,0.0,-43.7,43.7,Incorrect,No,Yes,Stop_Loss,5,1,-15949.8,3.33,124142.58,Bullish,Bearish,Loss,Yes
SIG_0039,Day_38,SELL,Strong,30.95,39.31,69.08,3006.91,43.24,38.13,75.73,0.0,75.73,0.0,75.73,Correct,Yes,No,Target_Hit,5,1,27641.95,3.33,124142.58,Bearish,Bearish,Profitable,Yes
SIG_0040,Day_39,BUY,Strong,4.01,69.08,38.6,3127.52,75.99,67.01,-44.12,-5477.51,0.0,-44.12,44.12,Correct,No,Yes,Stop_Loss,5,1,-16104.81,3.33,118665.06,Bullish,Bullish,Loss,Yes
SIG_0041,Day_40,BUY,Strong,55.66,38.6,69.19,4868.37,42.46,37.44,79.25,9404.05,79.25,0.0,79.25,Incorrect,Yes,No,Target_Hit,5,1,28925.78,3.33,128069.12,Bullish,Bearish,Profitable,Yes
SIG_0042,Day_41,BUY,Strong,2.98,69.19,38.62,5013.59,76.11,67.11,-44.18,-5658.44,0.0,-44.18,44.18,Correct,No,Yes,Stop_Loss,5,1,-16126.68,3.33,122410.68,Bullish,Bullish,Loss,Yes
SIG_0043,Day_42,SELL,Strong,34.93,38.62,69.11,3262.1,42.48,37.46,78.95,0.0,78.95,-0.83,79.78,Correct,Yes,No,Target_Hit,5,2,14408.14,3.33,122410.68,Bearish,Bearish,Profitable,Yes
SIG_0044,Day_43,BUY,Weak,0.36,38.3,69.11,3273.98,42.13,37.15,80.44,9847.19,80.44,0.0,80.44,Correct,Yes,No,Target_Hit,5,1,29362.01,3.33,132257.87,Bullish,Bullish,Profitable,No
SIG_0045,Day_44,BUY,Strong,48.06,69.11,38.22,4847.45,76.02,67.04,-44.7,-5911.51,0.0,-44.7,44.7,Incorrect,No,Yes,Stop_Loss,5,1,-16314.35,3.33,126346.36,Bullish,Bearish,Loss,Yes
SIG_0046,Day_45,SELL,Weak,0.05,38.22,70.16,4845.24,42.04,37.07,83.57,0.0,83.57,0.0,83.57,Correct,Yes,No,Target_Hit,5,1,30502.62,3.33,126346.36,Bearish,Bearish,Profitable,No
SIG_0047,Day_46,SELL,Strong,34.5,70.16,37.68,3173.68,77.18,68.06,-46.29,0.0,0.0,-46.29,46.29,Correct,No,Yes,Stop_Loss,5,1,-16897.38,3.33,126346.36,Bearish,Bearish,Loss,Yes
SIG_0048,Day_47,BUY,Strong,41.58,37.68,69.26,4493.36,41.45,36.55,83.81,10589.22,83.81,0.0,83.81,Incorrect,Yes,No,Target_Hit,5,1,30591.03,3.33,136935.58,Bullish,Bearish,Profitable,Yes
SIG_0049,Day_48,SELL,Strong,30.52,69.26,37.06,3122.01,76.19,67.18,-46.49,0.0,0.0,-46.49,46.49,Correct,No,Yes,Stop_Loss,5,2,-8484.7,3.33,136935.58,Bearish,Bearish,Loss,Yes
SIG_0050,Day_49,BUY,Weak,0.53,68.03,37.06,3138.44,74.83,65.99,-45.52,-6233.86,0.0,-45.52,45.52,Incorrect,No,Yes,Stop_Loss,5,1,-16616.27,3.33,130701.72,Bullish,Bearish,Loss,No
SIG_0051,Day_50,BUY,Strong,45.89,37.06,66.23,4578.54,40.77,35.95,78.71,10287.56,78.71,0.0,78.71,Correct,Yes,No,Target_Hit,5,1,28729.22,3.33,140989.27,Bullish,Bullish,Profitable,Yes
SIG_0052,Day_51,SELL,Medium,1.01,66.23,36.1,4532.48,72.85,64.24,-45.49,0.0,0.0,-45.49,45.49,Correct,No,Yes,Stop_Loss,5,1,-16604.94,3.33,140989.27,Bearish,Bearish,Loss,No
SIG_0053,Day_52,SELL,Strong,35.02,36.1,66.28,2945.2,39.71,35.02,83.6,0.0,83.6,-0.14,83.74,Correct,Yes,No,Target_Hit,5,2,15257.2,3.33,140989.27,Bearish,Bearish,Profitable,Yes
SIG_0054,Day_53,BUY,Strong,39.14,36.05,66.28,4097.91,39.66,34.97,83.86,11822.76,83.86,0.0,83.86,Correct,Yes,No,Target_Hit,5,1,30607.35,3.33,152812.04,Bullish,Bullish,Profitable,Yes
SIG_0055,Day_54,SELL,Strong,30.72,66.28,36.0,2839.15,72.91,64.29,-45.68,0.0,1.84,-45.68,47.53,Correct,No,Yes,Stop_Loss,5,2,-8337.51,3.33,152812.04,Bearish,Bearish,Loss,Yes
SIG_0056,Day_55,BUY,Strong,44.56,67.5,36.0,4104.2,74.25,65.47,-46.67,-7131.23,0.0,-46.67,46.67,Incorrect,No,Yes,Stop_Loss,5,1,-17033.33,3.33,145680.81,Bullish,Bearish,Loss,Yes
SIG_0057,Day_56,SELL,Strong,30.96,36.0,66.5,2833.36,39.6,34.92,84.72,0.0,84.72,-0.42,85.14,Correct,Yes,No,Target_Hit,5,2,15461.81,3.33,145680.81,Bearish,Bearish,Profitable,Yes
SIG_0058,Day_57,BUY,Strong,49.24,35.85,66.5,4228.44,39.44,34.77,85.5,12455.0,85.5,0.0,85.5,Correct,Yes,No,Target_Hit,5,1,31205.72,3.33,158135.81,Bullish,Bullish,Profitable,Yes
SIG_0059,Day_58,SELL,Strong,30.29,66.5,35.12,2947.71,73.15,64.5,-47.19,0.0,0.0,-47.19,47.19,Correct,No,Yes,Stop_Loss,5,1,-17223.61,3.33,158135.81,Bearish,Bearish,Loss,Yes
SIG_0060,Day_59,BUY,Strong,46.55,35.12,65.87,4319.86,38.63,34.07,87.56,13845.89,87.56,0.0,87.56,Incorrect,Yes,No,Target_Hit,5,1,31958.29,3.33,171981.69,Bullish,Bearish,Profitable,Yes
SIG_0061,Day_60,SELL,Strong,30.46,65.87,34.91,3003.96,72.46,63.89,-47.0,0.0,0.0,-47.0,47.0,Correct,No,Yes,Stop_Loss,5,1,-17155.61,3.33,171981.69,Bearish,Bearish,Loss,Yes
SIG_0062,Day_61,SELL,Medium,1.95,34.91,65.5,2945.4,38.4,33.86,87.63,0.0,87.63,0.0,87.63,Correct,Yes,No,Target_Hit,5,1,31983.24,3.33,171981.69,Bearish,Bearish,Profitable,No
SIG_0063,Day_62,BUY,Strong,52.03,65.5,34.6,4477.84,72.05,63.54,-47.18,-8113.33,0.02,-47.18,47.19,Incorrect,No,Yes,Stop_Loss,5,2,-8609.54,3.33,163868.36,Bullish,Bearish,Loss,Yes
SIG_0064,Day_63,SELL,Strong,29.09,65.51,34.6,3175.05,72.06,63.54,-47.18,0.0,0.0,-47.18,47.18,Correct,No,Yes,Stop_Loss,5,1,-17222.03,3.33,163868.36,Bearish,Bearish,Loss,Yes
SIG_0065,Day_64,BUY,Strong,43.14,34.6,64.76,4544.85,38.06,33.56,87.17,14284.02,87.17,0.0,87.17,Incorrect,Yes,No,Target_Hit,5,1,31816.18,3.33,178152.38,Bullish,Bearish,Profitable,Yes
SIG_0066,Day_65,BUY,Weak,0.4,64.76,33.81,4562.96,71.24,62.82,-47.79,-8514.23,0.0,-47.79,47.79,Incorrect,No,Yes,Stop_Loss,5,1,-17444.02,3.33,169638.15,Bullish,Bearish,Loss,No
SIG_0067,Day_66,SELL,Strong,35.41,33.81,65.47,2947.1,37.19,32.8,93.64,0.0,93.64,0.0,93.64,Incorrect,Yes,No,Target_Hit,5,1,34178.94,3.33,169638.15,Bearish,Bullish,Profitable,Yes
SIG_0068,Day_67,SELL,Strong,5.81,65.47,34.84,2775.9,72.02,63.51,-46.78,0.0,0.0,-46.78,46.78,Correct,No,Yes,Stop_Loss,5,1,-17076.45,3.33,169638.15,Bearish,Bearish,Loss,Yes
SIG_0069,Day_68,BUY,Strong,53.2,34.84,63.98,4252.55,38.32,33.79,83.64,14188.45,83.64,-2.15,85.79,Correct,Yes,No,Target_Hit,5,2,15264.21,3.33,183826.59,Bullish,Bullish,Profitable,Yes
SIG_0070,Day_69,SELL,Strong,30.03,34.09,63.98,2975.65,37.5,33.07,87.68,0.0,87.68,0.0,87.68,Correct,Yes,No,Target_Hit,5,1,32003.08,3.33,183826.59,Bearish,Bearish,Profitable,Yes
SIG_0071,Day_70,BUY,Strong,47.1,63.98,33.06,4377.22,70.38,62.06,-48.33,-8883.9,0.0,-48.33,48.33,Incorrect,No,Yes,Stop_Loss,5,2,-8819.79,3.33,174942.7,Bullish,Bearish,Loss,Yes
SIG_0072,Day_71,SELL,Strong,29.72,63.49,33.06,3076.34,69.84,61.59,-47.93,0.0,0.0,-47.93,47.93,Incorrect,No,Yes,Stop_Loss,5,1,-17494.01,3.33,174942.7,Bearish,Bullish,Loss,Yes
SIG_0073,Day_72,BUY,Strong,41.78,33.06,60.32,4361.62,36.37,32.07,82.46,14425.1,82.46,0.0,82.46,Correct,Yes,No,Target_Hit,5,1,30096.49,3.33,189367.79,Bullish,Bullish,Profitable,Yes
SIG_0074,Day_73,SELL,Strong,36.93,60.32,31.44,2750.83,66.35,58.51,-47.88,0.0,0.0,-47.88,47.88,Incorrect,No,Yes,Stop_Loss,5,1,-17475.46,3.33,189367.79,Bearish,Bullish,Loss,Yes
SIG_0075,Day_74,BUY,Strong,52.49,31.44,63.59,4194.8,34.58,30.5,102.26,19364.42,102.26,0.0,102.26,Correct,Yes,No,Target_Hit,5,2,18662.13,3.33,208732.22,Bullish,Bullish,Profitable,Yes
SIG_0076,Day_75,BUY,Medium,1.08,32.65,63.59,4239.94,35.92,31.67,94.76,19780.01,94.76,0.0,94.76,Correct,Yes,No,Target_Hit,5,1,34588.36,3.33,228512.23,Bullish,Bullish,Profitable,No
SIG_0077,Day_76,SELL,Strong,35.22,63.59,33.47,2746.66,69.95,61.68,-47.37,0.0,0.0,-47.37,47.37,Correct,No,Yes,Stop_Loss,5,1,-17288.57,3.33,228512.23,Bearish,Bearish,Loss,Yes
SIG_0078,Day_77,BUY,Strong,47.71,33.47,63.01,4057.13,36.82,32.47,88.26,20168.07,88.26,0.0,88.26,Correct,Yes,No,Target_Hit,5,1,32214.22,3.33,248680.3,Bullish,Bullish,Profitable,Yes
SIG_0079,Day_78,SELL,Strong,30.75,63.01,34.38,2809.62,69.31,61.12,-45.44,0.0,0.13,-45.44,45.56,Correct,No,Yes,Stop_Loss,5,2,-8292.29,3.33,248680.3,Bearish,Bearish,Loss,Yes
SIG_0080,Day_79,BUY,Strong,54.66,63.09,34.38,4345.22,69.4,61.2,-45.51,-11316.55,0.0,-45.51,45.51,Correct,No,Yes,Stop_Loss,5,1,-16609.84,3.33,237363.75,Bullish,Bullish,Loss,Yes
SIG_0081,Day_80,SELL,Strong,31.24,34.38,63.52,2987.96,37.82,33.35,84.76,0.0,84.76,-1.34,86.1,Incorrect,Yes,No,Target_Hit,5,2,15468.44,3.33,237363.75,Bearish,Bullish,Profitable,Yes
SIG_0082,Day_81,BUY,Strong,51.78,33.92,63.52,4535.22,37.31,32.9,87.26,20713.35,87.26,0.0,87.26,Incorrect,Yes,No,Target_Hit,5,1,31851.42,3.33,258077.09,Bullish,Bearish,Profitable,Yes
SIG_0083,Day_82,SELL,Strong,31.28,63.52,34.47,3116.44,69.87,61.61,-45.73,0.0,0.0,-45.73,45.73,Correct,No,Yes,Stop_Loss,5,1,-16692.77,3.33,258077.09,Bearish,Bearish,Loss,Yes
SIG_0084,Day_83,BUY,Medium,1.38,34.47,63.59,3159.58,37.92,33.44,84.48,21802.16,84.48,0.0,84.48,Correct,Yes,No,Target_Hit,5,1,30834.93,3.33,279879.26,Bullish,Bullish,Profitable,No
SIG_0085,Day_84,BUY,Strong,49.48,63.59,33.84,4722.96,69.95,61.68,-46.78,-13093.9,0.0,-46.78,46.78,Incorrect,No,Yes,Stop_Loss,5,2,-8538.1,3.33,266785.36,Bullish,Bearish,Loss,Yes
SIG_0086,Day_85,SELL,Strong,28.6,62.29,33.84,3372.31,68.52,60.42,-45.67,0.0,0.0,-45.67,45.67,Correct,No,Yes,Stop_Loss,5,1,-16670.81,3.33,266785.36,Bearish,Bearish,Loss,Yes
SIG_0087,Day_86,BUY,Strong,42.99,33.84,61.99,4821.99,37.22,32.82,83.19,22192.69,83.19,-0.74,83.92,Incorrect,Yes,No,Target_Hit,5,2,15181.37,3.33,288978.05,Bullish,Bearish,Profitable,Yes
SIG_0088,Day_87,SELL,Medium,1.05,33.59,61.99,4771.48,36.95,32.58,84.55,0.0,84.55,0.0,84.55,Incorrect,Yes,No,Target_Hit,5,1,30860.38,3.33,288978.05,Bearish,Bullish,Profitable,No
SIG_0089,Day_88,SELL,Strong,34.98,61.99,32.4,3102.56,68.19,60.13,-47.73,0.0,0.0,-47.73,47.73,Correct,No,Yes,Stop_Loss,5,2,-8711.36,3.33,288978.05,Bearish,Bearish,Loss,Yes
SIG_0090,Day_89,BUY,Strong,38.0,61.68,32.4,4281.38,67.85,59.83,-47.47,-13718.02,0.0,-47.47,47.47,Incorrect,No,Yes,Stop_Loss,5,1,-17326.85,3.33,275260.03,Bullish,Bearish,Loss,Yes
SIG_0091,Day_90,SELL,Strong,30.98,32.4,62.02,2955.1,35.64,31.43,91.42,0.0,91.42,0.0,91.42,Incorrect,Yes,No,Target_Hit,5,2,16684.1,3.33,275260.03,Bearish,Bullish,Profitable,Yes
SIG_0092,Day_91,BUY,Strong,44.47,32.79,62.02,4269.17,36.07,31.81,89.14,24537.51,89.14,0.0,89.14,Incorrect,Yes,No,Target_Hit,5,1,32537.21,3.33,299797.54,Bullish,Bearish,Profitable,Yes
SIG_0093,Day_92,SELL,Strong,31.25,62.02,59.99,2935.23,68.22,60.16,-3.27,0.0,0.0,-3.27,3.27,Correct,No,Yes,Stop_Loss,5,1,-1194.7,3.33,299797.54,Bearish,Bearish,Loss,Yes
SIG_0094,Day_93,BUY,Strong,49.04,59.99,31.85,4374.62,65.99,58.19,-46.91,-14062.85,0.0,-46.91,46.91,Incorrect,No,Yes,Stop_Loss,5,1,-17121.35,3.33,285734.7,Bullish,Bearish,Loss,Yes
SIG_0095,Day_94,SELL,Strong,30.1,31.85,57.18,3057.74,35.04,30.89,79.53,0.0,79.53,0.0,79.53,Correct,Yes,No,Target_Hit,5,1,29028.1,3.33,285734.7,Bearish,Bearish,Profitable,Yes
SIG_0096,Day_95,BUY,Strong,46.23,57.18,28.92,4471.47,62.9,55.46,-49.42,-14121.83,0.0,-49.42,49.42,Correct,No,Yes,Stop_Loss,5,1,-18039.35,3.33,271612.87,Bullish,Bullish,Loss,Yes
SIG_0097,Day_96,SELL,Strong,30.48,28.92,57.98,3108.35,31.81,28.05,100.48,0.0,100.48,0.0,100.48,Incorrect,Yes,No,Target_Hit,5,1,36676.69,3.33,271612.87,Bearish,Bullish,Profitable,Yes
SIG_0098,Day_97,SELL,Strong,2.42,57.98,29.06,3033.11,63.78,56.24,-49.88,0.0,0.0,-49.88,49.88,Correct,No,Yes,Stop_Loss,5,1,-18205.93,3.33,271612.87,Bearish,Bearish,Loss,Yes
SIG_0099,Day_98,BUY,Strong,50.41,29.06,57.78,4561.98,31.97,28.19,98.83,26843.5,98.83,0.0,98.83,Correct,Yes,No,Target_Hit,5,2,18036.48,3.33,298456.37,Bullish,Bullish,Profitable,Yes
SIG_0100,Day_99,SELL,Strong,28.93,29.16,57.78,3242.32,32.08,28.29,98.15,0.0,98.15,0.0,98.15,Incorrect,Yes,No,Target_Hit,5,1,35824.07,3.33,298456.37,Bearish,Bullish,Profitable,Yes
SIG_0101,Day_100,BUY,Strong,44.59,57.78,55.65,4688.06,63.56,56.05,-3.69,-1100.23,0.0,-3.69,3.69,Incorrect,No,Yes,Stop_Loss,5,1,-1345.53,3.33,297356.14,Bullish,Bearish,Loss,Yes
SIG_0102,Day_101,SELL,Strong,31.26,55.65,29.43,3222.79,61.22,53.98,-47.12,0.0,0.0,-47.12,47.12,Correct,No,Yes,Stop_Loss,5,1,-17197.3,3.33,297356.14,Bearish,Bearish,Loss,Yes
SIG_0103,Day_102,BUY,Strong,42.27,29.43,54.5,4585.22,32.37,28.55,85.19,25330.34,85.19,-0.34,85.52,Correct,Yes,No,Target_Hit,5,2,15546.3,3.33,322686.48,Bullish,Bullish,Profitable,Yes
SIG_0104,Day_103,SELL,Weak,0.17,29.33,54.5,4577.54,32.26,28.45,85.82,0.0,85.82,0.0,85.82,Incorrect,Yes,No,Target_Hit,5,1,31323.05,3.33,322686.48,Bearish,Bullish,Profitable,No
SIG_0105,Day_104,SELL,Strong,34.55,54.5,29.03,2996.1,59.95,52.86,-46.73,0.0,0.0,-46.73,46.73,Incorrect,No,Yes,Stop_Loss,5,1,-17057.89,3.33,322686.48,Bearish,Bullish,Loss,Yes
SIG_0106,Day_105,BUY,Strong,37.65,29.03,53.44,4124.06,31.93,28.16,84.09,27133.23,84.09,0.0,84.09,Correct,Yes,No,Target_Hit,5,1,30691.18,3.33,349819.71,Bullish,Bullish,Profitable,Yes
SIG_0107,Day_106,SELL,Strong,31.99,53.44,30.91,2804.96,58.78,51.84,-42.16,0.0,0.0,-42.16,42.16,Incorrect,No,Yes,Stop_Loss,5,1,-15388.19,3.33,349819.71,Bearish,Bullish,Loss,Yes
SIG_0108,Day_107,BUY,Strong,48.89,30.91,60.96,4176.3,34.0,29.98,97.22,34008.68,97.22,0.0,97.22,Correct,Yes,No,Target_Hit,5,1,35484.47,3.33,383828.38,Bullish,Bullish,Profitable,Yes
SIG_0109,Day_108,SELL,Strong,30.55,60.96,31.77,2900.63,67.06,59.13,-47.88,0.0,5.56,-47.88,53.44,Correct,No,Yes,Stop_Loss,5,2,-8738.8,3.33,383828.38,Bearish,Bearish,Loss,Yes
SIG_0110,Day_109,BUY,Strong,3.24,64.35,31.77,2994.72,70.78,62.42,-50.63,-19432.99,0.0,-50.63,50.63,Correct,No,Yes,Stop_Loss,5,1,-18479.72,3.33,364395.39,Bullish,Bullish,Loss,Yes
SIG_0111,Day_110,BUY,Strong,53.25,31.77,66.98,4589.41,34.95,30.82,110.83,40385.15,110.83,0.0,110.83,Correct,Yes,No,Target_Hit,5,1,40452.16,3.33,404780.54,Bullish,Bullish,Profitable,Yes
SIG_0112,Day_111,SELL,Strong,27.95,66.98,32.77,3306.58,73.68,64.97,-51.07,0.0,0.0,-51.07,51.07,Correct,No,Yes,Stop_Loss,5,1,-18642.36,3.33,404780.54,Bearish,Bearish,Loss,Yes
SIG_0113,Day_112,BUY,Strong,41.98,32.77,65.04,4694.69,36.05,31.79,98.47,39860.45,98.47,-2.59,101.07,Correct,Yes,No,Target_Hit,5,2,17971.54,3.33,444640.99,Bullish,Bullish,Profitable,Yes
SIG_0114,Day_113,SELL,Weak,0.92,31.92,65.04,4651.69,35.11,30.96,103.76,0.0,103.76,0.0,103.76,Incorrect,Yes,No,Target_Hit,5,1,37872.18,3.33,444640.99,Bearish,Bullish,Profitable,No
SIG_0115,Day_114,SELL,Strong,34.48,65.04,32.79,3047.79,71.54,63.09,-49.58,0.0,1.2,-49.58,50.78,Correct,No,Yes,Stop_Loss,5,2,-9049.24,3.33,444640.99,Bearish,Bearish,Loss,Yes
SIG_0116,Day_115,SELL,Strong,7.88,65.82,32.79,2807.65,72.4,63.85,-50.18,0.0,0.0,-50.18,50.18,Incorrect,No,Yes,Stop_Loss,5,1,-18316.55,3.33,444640.99,Bearish,Bullish,Loss,Yes
SIG_0117,Day_116,BUY,Strong,51.42,32.79,67.15,4251.41,36.07,31.81,104.79,46593.06,104.79,0.0,104.79,Correct,Yes,No,Target_Hit,5,2,19123.82,3.33,491234.05,Bullish,Bullish,Profitable,Yes
SIG_0118,Day_117,BUY,Strong,3.94,33.15,67.15,4418.91,36.47,32.16,102.56,50382.98,102.56,0.0,102.56,Correct,Yes,No,Target_Hit,5,1,37435.9,3.33,541617.03,Bullish,Bullish,Profitable,Yes
SIG_0119,Day_118,SELL,Strong,33.63,67.15,35.34,2932.7,73.87,65.14,-47.37,0.0,0.0,-47.37,47.37,Correct,No,Yes,Stop_Loss,5,1,-17290.62,3.33,541617.03,Bearish,Bearish,Loss,Yes
SIG_0120,Day_119,BUY,Strong,38.26,35.34,69.82,4054.69,38.87,34.28,97.57,52843.68,97.57,0.0,97.57,Correct,Yes,No,Target_Hit,5,1,35611.77,3.33,594460.7,Bullish,Bullish,Profitable,Yes
SIG_0121,Day_120,SELL,Strong,30.43,69.82,34.3,2821.04,76.8,67.73,-50.87,0.0,0.0,-50.87,50.87,Correct,No,Yes,Stop_Loss,5,1,-18568.89,3.33,594460.7,Bearish,Bearish,Loss,Yes
SIG_0122,Day_121,BUY,Strong,43.54,34.3,68.58,4049.22,37.73,33.27,99.94,59411.41,99.94,0.0,99.94,Incorrect,Yes,No,Target_Hit,5,1,36478.72,3.33,653872.11,Bullish,Bearish,Profitable,Yes
SIG_0123,Day_122,SELL,Strong,29.58,68.58,34.13,2851.27,75.44,66.52,-50.23,0.0,0.0,-50.23,50.23,Correct,No,Yes,Stop_Loss,5,1,-18335.16,3.33,653872.11,Bearish,Bearish,Loss,Yes
SIG_0124,Day_123,SELL,Weak,0.49,34.13,67.36,2837.24,37.54,33.11,97.36,0.0,97.36,0.0,97.36,Incorrect,Yes,No,Target_Hit,5,1,35537.5,3.33,653872.11,Bearish,Bullish,Profitable,No
SIG_0125,Day_124,BUY,Strong,53.39,67.36,33.35,4351.94,74.1,65.34,-50.49,-33013.94,0.1,-50.49,50.59,Incorrect,No,Yes,Stop_Loss,5,2,-9214.41,3.33,620858.17,Bullish,Bearish,Loss,Yes
SIG_0126,Day_125,SELL,Strong,28.18,67.43,33.35,3125.51,74.17,65.41,-50.54,0.0,0.0,-50.54,50.54,Correct,No,Yes,Stop_Loss,5,1,-18447.58,3.33,620858.17,Bearish,Bearish,Loss,Yes
SIG_0127,Day_126,BUY,Strong,43.05,33.35,31.29,4471.01,36.68,32.35,-6.18,-3834.99,0.0,-6.18,6.18,Incorrect,No,Yes,Stop_Loss,5,1,-2254.57,3.33,617023.19,Bullish,Bearish,Loss,Yes
SIG_0128,Day_127,SELL,Strong,31.44,31.29,64.49,3065.27,34.42,30.35,106.1,0.0,106.1,0.0,106.1,Incorrect,Yes,No,Target_Hit,5,1,38728.03,3.33,617023.19,Bearish,Bullish,Profitable,Yes
SIG_0129,Day_128,BUY,Strong,39.88,64.49,31.52,4287.71,70.94,62.56,-51.12,-31544.82,0.0,-51.12,51.12,Incorrect,No,Yes,Stop_Loss,5,1,-18660.33,3.33,585478.37,Bullish,Bearish,Loss,Yes
SIG_0130,Day_129,BUY,Medium,1.59,31.52,64.65,4355.73,34.67,30.57,105.11,61538.38,105.11,0.0,105.11,Correct,Yes,No,Target_Hit,5,1,38364.37,3.33,647016.75,Bullish,Bullish,Profitable,No
SIG_0131,Day_130,SELL,Strong,33.99,64.65,31.32,2875.09,71.12,62.71,-51.55,0.0,0.0,-51.55,51.55,Correct,No,Yes,Stop_Loss,5,1,-18817.4,3.33,647016.75,Bearish,Bearish,Loss,Yes
SIG_0132,Day_131,SELL,Strong,6.22,31.32,64.68,2696.32,34.45,30.38,106.51,0.0,106.51,0.0,106.51,Incorrect,Yes,No,Target_Hit,5,1,38877.39,3.33,647016.75,Bearish,Bullish,Profitable,Yes
SIG_0133,Day_132,BUY,Strong,50.67,64.68,31.7,4062.64,71.15,62.74,-50.99,-32991.05,0.0,-50.99,50.99,Correct,No,Yes,Stop_Loss,5,1,-18611.16,3.33,614025.7,Bullish,Bullish,Loss,Yes
SIG_0134,Day_133,SELL,Strong,24.88,31.7,65.57,3051.8,34.87,30.75,106.85,0.0,106.85,0.0,106.85,Correct,Yes,No,Target_Hit,5,1,38998.58,3.33,614025.7,Bearish,Bearish,Profitable,Yes
SIG_0135,Day_134,BUY,Strong,38.76,65.57,30.73,4234.81,72.13,63.6,-53.13,-32625.68,0.0,-53.13,53.13,Correct,No,Yes,Stop_Loss,5,1,-19393.93,3.33,581400.02,Bullish,Bullish,Loss,Yes
SIG_0136,Day_135,SELL,Weak,0.26,30.73,63.74,4224.01,33.8,29.81,107.42,0.0,107.42,0.0,107.42,Incorrect,Yes,No,Target_Hit,5,1,39208.1,3.33,581400.02,Bearish,Bullish,Profitable,No
SIG_0137,Day_136,SELL,Strong,35.43,63.74,31.58,2727.57,70.11,61.83,-50.45,0.0,2.84,-50.45,53.29,Incorrect,No,Yes,Stop_Loss,5,2,-9208.03,3.33,581400.02,Bearish,Bullish,Loss,Yes
SIG_0138,Day_137,BUY,Strong,33.28,65.55,31.58,3635.27,72.1,63.58,-51.82,-30129.91,0.0,-51.82,51.82,Incorrect,No,Yes,Stop_Loss,5,1,-18915.41,3.33,551270.11,Bullish,Bearish,Loss,Yes
SIG_0139,Day_138,SELL,Strong,28.95,31.58,68.91,2582.75,34.74,30.63,118.21,0.0,118.21,0.0,118.21,Incorrect,Yes,No,Target_Hit,5,1,43145.82,3.33,551270.11,Bearish,Bullish,Profitable,Yes
SIG_0140,Day_139,SELL,Medium,1.58,68.91,33.13,2541.82,75.8,66.84,-51.92,0.0,0.0,-51.92,51.92,Incorrect,No,Yes,Stop_Loss,5,1,-18951.82,3.33,551270.11,Bearish,Bullish,Loss,No
SIG_0141,Day_140,BUY,Strong,53.75,33.13,70.96,3908.02,36.44,32.14,114.19,62947.62,114.19,0.0,114.19,Correct,Yes,No,Target_Hit,5,1,41678.09,3.33,614217.73,Bullish,Bullish,Profitable,Yes
SIG_0142,Day_141,BUY,Strong,6.86,70.96,34.0,4176.02,78.06,68.83,-52.09,-31991.95,0.0,-52.09,52.09,Incorrect,No,Yes,Stop_Loss,5,1,-19011.27,3.33,582225.78,Bullish,Bearish,Loss,Yes
SIG_0143,Day_142,SELL,Strong,32.34,34.0,72.81,2825.42,37.4,32.98,114.15,0.0,114.15,0.0,114.15,Correct,Yes,No,Target_Hit,5,2,20831.84,3.33,582225.78,Bearish,Bearish,Profitable,Yes
SIG_0144,Day_143,BUY,Strong,34.51,34.65,72.81,3800.56,38.12,33.61,110.13,64120.45,110.13,0.0,110.13,Correct,Yes,No,Target_Hit,5,1,40197.4,3.33,646346.23,Bullish,Bullish,Profitable,Yes
SIG_0145,Day_144,SELL,Strong,28.69,72.81,33.68,2710.1,80.09,70.63,-53.74,0.0,0.0,-53.74,53.74,Incorrect,No,Yes,Stop_Loss,5,2,-9808.03,3.33,646346.23,Bearish,Bullish,Loss,Yes
SIG_0146,Day_145,BUY,Weak,0.35,71.17,33.68,2719.63,78.29,69.03,-52.68,-34047.38,0.0,-52.68,52.68,Incorrect,No,Yes,Stop_Loss,5,1,-19226.99,3.33,612298.85,Bullish,Bearish,Loss,No
SIG_0147,Day_146,BUY,Strong,50.35,33.68,72.23,4088.93,37.05,32.67,114.46,70083.49,114.46,0.0,114.46,Correct,Yes,No,Target_Hit,5,2,20888.88,3.33,682382.35,Bullish,Bullish,Profitable,Yes
SIG_0148,Day_147,BUY,Strong,4.97,33.9,72.23,4292.05,37.29,32.88,113.07,77155.5,113.07,0.0,113.07,Correct,Yes,No,Target_Hit,5,1,41269.76,3.33,759537.85,Bullish,Bullish,Profitable,Yes
SIG_0149,Day_148,SELL,Strong,31.73,72.23,33.92,2930.31,79.45,70.06,-53.04,0.0,1.29,-53.04,54.33,Incorrect,No,Yes,Stop_Loss,5,2,-9679.6,3.33,759537.85,Bearish,Bullish,Loss,Yes
SIG_0150,Day_149,SELL,Strong,5.9,73.16,33.92,2757.56,80.48,70.97,-53.64,0.0,0.0,-53.64,53.64,Correct,No,Yes,Stop_Loss,5,1,-19577.09,3.33,759537.85,Bearish,Bearish,Loss,Yes
SIG_0151,Day_150,BUY,Strong,47.19,33.92,72.02,4058.72,37.31,32.9,112.32,85313.66,112.32,-0.15,112.47,Correct,Yes,No,Target_Hit,5,2,20498.97,3.33,844851.5,Bullish,Bullish,Profitable,Yes
SIG_0152,Day_151,BUY,Strong,3.73,33.87,72.02,4209.97,37.26,32.85,112.64,95161.16,112.64,0.0,112.64,Correct,Yes,No,Target_Hit,5,1,41112.34,3.33,940012.66,Bullish,Bullish,Profitable,Yes
SIG_0153,Day_152,SELL,Strong,32.86,72.02,34.9,2826.57,79.22,69.86,-51.54,0.0,1.26,-51.54,52.8,Incorrect,No,Yes,Stop_Loss,5,2,-9406.28,3.33,940012.66,Bearish,Bullish,Loss,Yes
SIG_0154,Day_153,SELL,Strong,4.32,72.93,34.9,2704.54,80.22,70.74,-52.15,0.0,0.0,-52.15,52.15,Correct,No,Yes,Stop_Loss,5,1,-19033.25,3.33,940012.66,Bearish,Bearish,Loss,Yes
SIG_0155,Day_154,BUY,Strong,46.17,34.9,75.35,3953.35,38.39,33.85,115.9,108949.89,115.9,0.0,115.9,Correct,Yes,No,Target_Hit,5,1,42304.44,3.33,1048962.56,Bullish,Bullish,Profitable,Yes
SIG_0156,Day_155,SELL,Strong,23.06,75.35,37.72,3041.57,82.88,73.09,-49.94,0.0,0.0,-49.94,49.94,Correct,No,Yes,Stop_Loss,5,1,-18228.2,3.33,1048962.56,Bearish,Bearish,Loss,Yes
SIG_0157,Day_156,BUY,Strong,36.16,37.72,76.61,4141.37,41.49,36.59,103.1,108149.93,103.1,0.0,103.1,Correct,Yes,No,Target_Hit,5,1,37632.16,3.33,1157112.49,Bullish,Bullish,Profitable,Yes
SIG_0158,Day_157,SELL,Strong,28.65,76.61,37.32,2954.8,84.27,74.31,-51.29,0.0,0.0,-51.29,51.29,Correct,No,Yes,Stop_Loss,5,1,-18719.29,3.33,1157112.49,Bearish,Bearish,Loss,Yes
SIG_0159,Day_158,BUY,Strong,33.29,37.32,74.41,3938.5,41.05,36.2,99.38,114998.13,99.38,0.0,99.38,Correct,Yes,No,Target_Hit,5,1,36275.05,3.33,1272110.62,Bullish,Bullish,Profitable,Yes
SIG_0160,Day_159,BUY,Medium,1.33,74.41,37.52,3990.84,81.85,72.18,-49.58,-63067.01,0.0,-49.58,49.58,Correct,No,Yes,Stop_Loss,5,1,-18095.48,3.33,1209043.61,Bullish,Bullish,Loss,No
SIG_0161,Day_160,SELL,Strong,33.66,37.52,71.93,2647.54,41.27,36.39,91.71,0.0,91.71,0.0,91.71,Incorrect,Yes,No,Target_Hit,5,1,33474.55,3.33,1209043.61,Bearish,Bullish,Profitable,Yes
SIG_0162,Day_161,SELL,Strong,7.16,71.93,36.46,2457.89,79.12,69.77,-49.31,0.0,0.0,-49.31,49.31,Correct,No,Yes,Stop_Loss,5,1,-17998.82,3.33,1209043.61,Bearish,Bearish,Loss,Yes
SIG_0163,Day_162,BUY,Strong,43.77,36.46,40.17,3533.78,40.11,35.37,10.18,12302.67,10.18,0.0,10.18,Correct,Yes,No,Target_Hit,5,1,3714.07,3.33,1221346.27,Bullish,Bullish,Profitable,Yes
SIG_0164,Day_163,BUY,Strong,6.7,40.17,80.1,3770.37,44.19,38.96,99.4,121404.92,99.4,0.0,99.4,Correct,Yes,No,Target_Hit,5,1,36281.93,3.33,1342751.2,Bullish,Bullish,Profitable,Yes
SIG_0165,Day_164,SELL,Strong,29.03,80.1,76.58,2675.82,88.11,77.7,-4.39,0.0,0.0,-4.39,4.39,Correct,No,Yes,Stop_Loss,5,1,-1604.0,3.33,1342751.2,Bearish,Bearish,Loss,Yes
SIG_0166,Day_165,BUY,Strong,26.17,76.58,38.1,3376.04,84.24,74.28,-50.25,-67470.71,0.0,-50.25,50.25,Correct,No,Yes,Stop_Loss,5,1,-18340.56,3.33,1275280.49,Bullish,Bullish,Loss,Yes
SIG_0167,Day_166,SELL,Strong,24.23,38.1,77.14,2558.11,41.91,36.96,102.47,0.0,102.47,0.0,102.47,Incorrect,Yes,No,Target_Hit,5,2,18700.26,3.33,1275280.49,Bearish,Bullish,Profitable,Yes
SIG_0168,Day_167,BUY,Strong,27.07,38.74,77.14,3250.51,42.61,37.58,99.12,126408.8,99.12,0.0,99.12,Correct,Yes,No,Target_Hit,5,1,36179.66,3.33,1401689.29,Bullish,Bullish,Profitable,Yes
SIG_0169,Day_168,SELL,Strong,29.64,77.14,39.07,2287.06,84.85,74.83,-49.35,0.0,0.0,-49.35,49.35,Correct,No,Yes,Stop_Loss,5,1,-18013.42,3.33,1401689.29,Bearish,Bearish,Loss,Yes
SIG_0170,Day_169,SELL,Strong,7.1,39.07,77.4,2124.78,42.98,37.9,98.11,0.0,98.11,0.0,98.11,Correct,Yes,No,Target_Hit,5,1,35808.68,3.33,1401689.29,Bearish,Bearish,Profitable,Yes
SIG_0171,Day_170,BUY,Strong,68.38,77.4,38.39,3577.64,85.14,75.08,-50.4,-70645.86,0.0,-50.4,50.4,Incorrect,No,Yes,Stop_Loss,5,1,-18396.19,3.33,1331043.43,Bullish,Bearish,Loss,Yes
SIG_0172,Day_171,SELL,Strong,29.82,38.39,74.65,2510.84,42.23,37.24,94.45,0.0,94.45,0.0,94.45,Correct,Yes,No,Target_Hit,5,1,34474.86,3.33,1331043.43,Bearish,Bearish,Profitable,Yes
SIG_0173,Day_172,BUY,Strong,56.53,74.65,37.01,3930.32,82.12,72.41,-50.42,-67113.83,0.0,-50.42,50.42,Incorrect,No,Yes,Stop_Loss,5,2,-9202.01,3.33,1263929.6,Bullish,Bearish,Loss,Yes
SIG_0174,Day_173,BUY,Strong,6.61,72.97,37.01,4189.99,80.27,70.78,-49.28,-62287.12,0.0,-49.28,49.28,Incorrect,No,Yes,Stop_Loss,5,1,-17987.39,3.33,1201642.48,Bullish,Bearish,Loss,Yes
SIG_0175,Day_174,SELL,Strong,35.79,37.01,71.83,2690.6,40.71,35.9,94.08,0.0,94.08,0.0,94.08,Correct,Yes,No,Target_Hit,5,1,34340.18,3.33,1201642.48,Bearish,Bearish,Profitable,Yes
SIG_0176,Day_175,SELL,Strong,7.66,71.83,36.52,2484.52,79.01,69.68,-49.16,0.0,0.0,-49.16,49.16,Correct,No,Yes,Stop_Loss,5,1,-17942.57,3.33,1201642.48,Bearish,Bearish,Loss,Yes
SIG_0177,Day_176,BUY,Strong,59.33,36.52,68.94,3958.64,40.17,35.42,88.77,106673.74,88.77,0.0,88.77,Correct,Yes,No,Target_Hit,5,1,32402.25,3.33,1308316.22,Bullish,Bullish,Profitable,Yes
SIG_0178,Day_177,BUY,Strong,6.19,68.94,35.56,4203.86,75.83,66.87,-48.42,-63347.25,0.0,-48.42,48.42,Incorrect,No,Yes,Stop_Loss,5,1,-17672.9,3.33,1244968.97,Bullish,Bearish,Loss,Yes
SIG_0179,Day_178,SELL,Strong,36.32,35.56,67.45,2677.13,39.12,34.49,89.68,0.0,89.68,-1.49,91.17,Incorrect,Yes,No,Target_Hit,5,2,16366.49,3.33,1244968.97,Bearish,Bullish,Profitable,Yes
SIG_0180,Day_179,BUY,Strong,39.56,35.03,67.45,3736.18,38.53,33.98,92.55,115220.94,92.55,0.0,92.55,Correct,Yes,No,Target_Hit,5,1,33780.47,3.33,1360189.91,Bullish,Bullish,Profitable,Yes
SIG_0181,Day_180,SELL,Strong,33.18,67.45,35.84,2496.41,74.2,65.43,-46.86,0.0,0.0,-46.86,46.86,Correct,No,Yes,Stop_Loss,5,2,-8552.74,3.33,1360189.91,Bearish,Bearish,Loss,Yes
SIG_0182,Day_181,BUY,Strong,56.45,67.03,35.84,3905.75,73.73,65.02,-46.53,-63291.55,0.0,-46.53,46.53,Correct,No,Yes,Stop_Loss,5,1,-16983.96,3.33,1296898.36,Bullish,Bullish,Loss,Yes
SIG_0183,Day_182,SELL,Strong,31.46,35.84,68.11,2677.14,39.42,34.76,90.04,0.0,90.04,0.0,90.04,Incorrect,Yes,No,Target_Hit,5,1,32864.26,3.33,1296898.36,Bearish,Bullish,Profitable,Yes
SIG_0184,Day_183,BUY,Strong,53.93,68.11,37.22,4121.05,74.92,66.07,-45.35,-58818.37,0.0,-45.35,45.35,Incorrect,No,Yes,Stop_Loss,5,1,-16553.88,3.33,1238079.99,Bullish,Bearish,Loss,Yes
SIG_0185,Day_184,SELL,Strong,31.17,37.22,68.74,2836.42,40.94,36.1,84.69,0.0,84.69,-2.58,87.26,Incorrect,Yes,No,Target_Hit,5,2,15455.13,3.33,1238079.99,Bearish,Bullish,Profitable,Yes
SIG_0186,Day_185,BUY,Weak,0.25,36.26,68.74,2843.62,39.89,35.17,89.58,110901.37,89.58,0.0,89.58,Incorrect,Yes,No,Target_Hit,5,1,32694.98,3.33,1348981.37,Bullish,Bearish,Profitable,No
SIG_0187,Day_186,BUY,Strong,59.36,68.74,36.76,4531.73,75.61,66.68,-46.52,-62758.84,0.0,-46.52,46.52,Correct,No,Yes,Stop_Loss,5,2,-8490.47,3.33,1286222.53,Bullish,Bullish,Loss,Yes
SIG_0188,Day_187,BUY,Strong,5.57,67.78,36.76,4784.03,74.56,65.75,-45.77,-58864.89,0.0,-45.77,45.77,Incorrect,No,Yes,Stop_Loss,5,1,-16704.49,3.33,1227357.64,Bullish,Bearish,Loss,Yes
SIG_0189,Day_188,SELL,Strong,35.9,36.76,67.99,3066.46,40.44,35.66,84.96,0.0,84.96,0.0,84.96,Incorrect,Yes,No,Target_Hit,5,1,31009.11,3.33,1227357.64,Bearish,Bullish,Profitable,Yes
SIG_0190,Day_189,BUY,Strong,35.58,67.99,36.16,4157.44,74.79,65.95,-46.82,-57459.62,0.0,-46.82,46.82,Incorrect,No,Yes,Stop_Loss,5,1,-17087.73,3.33,1169898.02,Bullish,Bearish,Loss,Yes
SIG_0191,Day_190,SELL,Strong,32.97,36.16,69.61,2786.77,39.78,35.08,92.51,0.0,92.51,0.0,92.51,Incorrect,Yes,No,Target_Hit,5,1,33764.52,3.33,1169898.02,Bearish,Bullish,Profitable,Yes
SIG_0192,Day_191,BUY,Strong,43.64,69.61,36.92,4002.91,76.57,67.52,-46.96,-54940.33,0.0,-46.96,46.96,Correct,No,Yes,Stop_Loss,5,1,-17141.0,3.33,1114957.69,Bullish,Bullish,Loss,Yes
SIG_0193,Day_192,SELL,Strong,31.88,36.92,74.39,2726.91,40.61,35.81,101.49,0.0,101.49,0.0,101.49,Correct,Yes,No,Target_Hit,5,1,37043.74,3.33,1114957.69,Bearish,Bearish,Profitable,Yes
SIG_0194,Day_193,BUY,Strong,45.66,74.39,38.28,3972.11,81.83,72.16,-48.54,-54121.69,0.0,-48.54,48.54,Incorrect,No,Yes,Stop_Loss,5,1,-17717.64,3.33,1060836.0,Bullish,Bearish,Loss,Yes
SIG_0195,Day_194,SELL,Strong,32.09,38.28,73.15,2697.64,42.11,37.13,91.09,0.0,91.09,-2.27,93.36,Incorrect,Yes,No,Target_Hit,5,2,16624.28,3.33,1060836.0,Bearish,Bullish,Profitable,Yes
SIG_0196,Day_195,BUY,Strong,49.79,37.41,73.15,4040.9,41.15,36.29,95.54,101347.98,95.54,0.0,95.54,Correct,Yes,No,Target_Hit,5,1,34870.62,3.33,1162183.98,Bullish,Bullish,Profitable,Yes
SIG_0197,Day_196,SELL,Strong,30.91,73.15,35.79,2792.02,80.47,70.96,-51.07,0.0,0.0,-51.07,51.07,Incorrect,No,Yes,Stop_Loss,5,1,-18641.7,3.33,1162183.98,Bearish,Bullish,Loss,Yes
SIG_0198,Day_197,SELL,Strong,4.33,35.79,71.31,2671.21,39.37,34.72,99.25,0.0,99.25,0.0,99.25,Incorrect,Yes,No,Target_Hit,5,1,36224.64,3.33,1162183.98,Bearish,Bullish,Profitable,Yes
SIG_0199,Day_198,BUY,Strong,59.61,71.31,38.71,4263.53,78.44,69.17,-45.72,-53130.27,0.0,-45.72,45.72,Correct,No,Yes,Stop_Loss,5,1,-16686.3,3.33,1109053.71,Bullish,Bullish,Loss,Yes
SIG_0200,Day_199,SELL,Strong,33.96,38.71,76.96,2815.59,42.58,37.55,98.81,0.0,98.81,0.0,98.81,Correct,Yes,No,Target_Hit,5,1,36066.26,3.33,1109053.71,Bearish,Bearish,Profitable,Yes
SIG_0201,Day_200,BUY,Strong,53.46,76.96,37.95,4320.72,84.66,74.65,-50.69,-56216.46,1.14,-50.69,51.83,Incorrect,No,Yes,Stop_Loss,5,2,-9250.68,3.33,1052837.25,Bullish,Bearish,Loss,Yes
SIG_0202,Day_201,SELL,Strong,35.82,77.84,37.95,2773.09,85.62,75.5,-51.25,0.0,0.0,-51.25,51.25,Correct,No,Yes,Stop_Loss,5,1,-18704.84,3.33,1052837.25,Bearish,Bearish,Loss,Yes
SIG_0203,Day_202,BUY,Strong,55.14,37.95,74.53,4302.24,41.74,36.81,96.39,101482.97,96.39,0.0,96.39,Correct,Yes,No,Target_Hit,5,1,35182.35,3.33,1154320.22,Bullish,Bullish,Profitable,Yes
SIG_0204,Day_203,BUY,Medium,2.0,74.53,37.11,4388.28,81.98,72.29,-50.21,-57956.07,0.0,-50.21,50.21,Incorrect,No,Yes,Stop_Loss,5,1,-18325.91,3.33,1096364.15,Bullish,Bearish,Loss,No
SIG_0205,Day_204,SELL,Strong,40.52,37.11,73.93,2610.18,40.82,36.0,99.22,0.0,99.22,0.0,99.22,Correct,Yes,No,Target_Hit,5,1,36214.77,3.33,1096364.15,Bearish,Bearish,Profitable,Yes
SIG_0206,Day_205,SELL,Strong,3.14,73.93,35.87,2528.28,81.32,71.71,-51.48,0.0,0.0,-51.48,51.48,Correct,No,Yes,Stop_Loss,5,1,-18790.61,3.33,1096364.15,Bearish,Bearish,Loss,Yes
SIG_0207,Day_206,BUY,Strong,71.02,35.87,70.52,4323.83,39.46,34.79,96.6,105907.49,96.6,0.0,96.6,Incorrect,Yes,No,Target_Hit,5,1,35258.57,3.33,1202271.64,Bullish,Bearish,Profitable,Yes
SIG_0208,Day_207,BUY,Strong,5.56,70.52,34.25,4564.24,77.57,68.4,-51.43,-61835.5,0.0,-51.43,51.43,Correct,No,Yes,Stop_Loss,5,1,-18772.76,3.33,1140436.14,Bullish,Bullish,Loss,Yes
SIG_0209,Day_208,SELL,Strong,39.69,34.25,73.25,2752.7,37.68,33.22,113.87,0.0,113.87,0.0,113.87,Incorrect,Yes,No,Target_Hit,5,2,20781.02,3.33,1140436.14,Bearish,Bullish,Profitable,Yes
SIG_0210,Day_209,SELL,Strong,5.85,35.3,73.25,2591.55,38.83,34.24,107.51,0.0,107.51,0.0,107.51,Incorrect,Yes,No,Target_Hit,5,1,39240.08,3.33,1140436.14,Bearish,Bullish,Profitable,Yes
SIG_0211,Day_210,BUY,Strong,72.39,73.25,35.32,4467.67,80.58,71.05,-51.78,-59053.57,0.0,-51.78,51.78,Correct,No,Yes,Stop_Loss,5,1,-18900.27,3.33,1081382.57,Bullish,Bullish,Loss,Yes
SIG_0212,Day_211,BUY,Strong,5.03,35.32,72.38,4692.4,38.85,34.26,104.93,113465.57,104.93,0.0,104.93,Correct,Yes,No,Target_Hit,5,1,38298.13,3.33,1194848.13,Bullish,Bullish,Profitable,Yes
SIG_0213,Day_212,SELL,Strong,39.58,72.38,36.86,2834.98,79.62,70.21,-49.07,0.0,0.0,-49.07,49.07,Incorrect,No,Yes,Stop_Loss,5,1,-17912.13,3.33,1194848.13,Bearish,Bullish,Loss,Yes
SIG_0214,Day_213,SELL,Strong,6.03,36.86,74.15,2663.99,40.55,35.75,101.17,0.0,101.17,0.0,101.17,Incorrect,Yes,No,Target_Hit,5,1,36925.8,3.33,1194848.13,Bearish,Bullish,Profitable,Yes
SIG_0215,Day_214,BUY,Strong,68.24,74.15,37.31,4481.8,81.57,71.93,-49.68,-59363.73,2.82,-49.68,52.5,Correct,No,Yes,Stop_Loss,5,2,-9067.16,3.33,1135484.4,Bullish,Bullish,Loss,Yes
SIG_0216,Day_215,SELL,Strong,36.95,76.24,37.31,2825.77,83.86,73.95,-51.06,0.0,0.0,-51.06,51.06,Correct,No,Yes,Stop_Loss,5,1,-18637.79,3.33,1135484.4,Bearish,Bearish,Loss,Yes
SIG_0217,Day_216,BUY,Strong,62.27,37.31,81.46,4585.44,41.04,36.19,118.33,134365.15,118.33,0.0,118.33,Incorrect,Yes,No,Target_Hit,5,1,43191.5,3.33,1269849.55,Bullish,Bearish,Profitable,Yes
SIG_0218,Day_217,SELL,Strong,37.33,81.46,40.16,2873.59,89.61,79.02,-50.7,0.0,0.0,-50.7,50.7,Correct,No,Yes,Stop_Loss,5,1,-18505.4,3.33,1269849.55,Bearish,Bearish,Loss,Yes
SIG_0219,Day_218,BUY,Strong,63.99,40.16,78.53,4712.55,44.18,38.96,95.54,121325.02,95.54,0.0,95.54,Incorrect,Yes,No,Target_Hit,5,1,34873.13,3.33,1391174.57,Bullish,Bearish,Profitable,Yes
SIG_0220,Day_219,SELL,Strong,35.95,78.53,38.98,3018.16,86.38,76.17,-50.36,0.0,0.0,-50.36,50.36,Correct,No,Yes,Stop_Loss,5,1,-18382.47,3.33,1391174.57,Bearish,Bearish,Loss,Yes
SIG_0221,Day_220,BUY,Strong,57.34,38.98,36.88,4748.74,42.88,37.81,-5.39,-7494.78,0.0,-5.39,5.39,Incorrect,No,Yes,Stop_Loss,5,1,-1966.39,3.33,1383679.79,Bullish,Bearish,Loss,Yes
SIG_0222,Day_221,SELL,Strong,34.1,36.88,75.25,3129.21,40.57,35.77,104.04,0.0,104.04,0.0,104.04,Incorrect,Yes,No,Target_Hit,5,1,37974.65,3.33,1383679.79,Bearish,Bullish,Profitable,Yes
SIG_0223,Day_222,BUY,Strong,52.2,75.25,37.99,4762.71,82.78,72.99,-49.51,-68512.84,0.0,-49.51,49.51,Incorrect,No,Yes,Stop_Loss,5,1,-18072.96,3.33,1315166.95,Bullish,Bearish,Loss,Yes
SIG_0224,Day_223,SELL,Strong,4.37,37.99,74.58,4554.35,41.79,36.85,96.31,0.0,96.31,0.0,96.31,Incorrect,Yes,No,Target_Hit,5,1,35154.91,3.33,1315166.95,Bearish,Bullish,Profitable,Yes
SIG_0225,Day_224,SELL,Strong,42.22,74.58,37.29,2631.62,82.04,72.34,-50.0,0.0,0.0,-50.0,50.0,Correct,No,Yes,Stop_Loss,5,1,-18250.0,3.33,1315166.95,Bearish,Bearish,Loss,Yes
SIG_0226,Day_225,BUY,Strong,2.29,37.29,73.01,2691.86,41.02,36.17,95.79,125979.52,95.79,0.0,95.79,Correct,Yes,No,Target_Hit,5,1,34963.26,3.33,1441146.47,Bullish,Bullish,Profitable,Yes
SIG_0227,Day_226,BUY,Strong,73.56,73.01,35.44,4671.99,80.31,70.82,-51.46,-74159.53,0.0,-51.46,51.46,Incorrect,No,Yes,Stop_Loss,5,1,-18782.43,3.33,1366986.94,Bullish,Bearish,Loss,Yes
SIG_0228,Day_227,BUY,Strong,3.19,35.44,68.65,4821.24,38.98,34.38,93.71,128097.17,93.71,0.0,93.71,Correct,Yes,No,Target_Hit,5,1,34203.3,3.33,1495084.11,Bullish,Bullish,Profitable,Yes
SIG_0229,Day_228,SELL,Strong,39.41,68.65,34.81,2921.37,75.52,66.59,-49.29,0.0,0.0,-49.29,49.29,Incorrect,No,Yes,Stop_Loss,5,1,-17992.13,3.33,1495084.11,Bearish,Bullish,Loss,Yes
SIG_0230,Day_229,BUY,Strong,53.77,34.81,68.91,4492.09,38.29,33.77,97.96,146458.97,97.96,0.0,97.96,Correct,Yes,No,Target_Hit,5,1,35755.53,3.33,1641543.08,Bullish,Bullish,Profitable,Yes
SIG_0231,Day_230,SELL,Strong,37.43,68.91,36.13,2810.87,75.8,66.84,-47.57,0.0,2.55,-47.57,50.12,Correct,No,Yes,Stop_Loss,5,2,-8681.4,3.33,1641543.08,Bearish,Bearish,Loss,Yes
SIG_0232,Day_231,BUY,Strong,64.23,70.67,36.13,4616.36,77.74,68.55,-48.88,-80230.51,0.0,-48.88,48.88,Incorrect,No,Yes,Stop_Loss,5,1,-17839.39,3.33,1561312.58,Bullish,Bearish,Loss,Yes
SIG_0233,Day_232,SELL,Strong,35.12,36.13,71.34,2994.94,39.74,35.05,97.45,0.0,97.45,0.0,97.45,Incorrect,Yes,No,Target_Hit,5,1,35570.58,3.33,1561312.58,Bearish,Bullish,Profitable,Yes
SIG_0234,Day_233,BUY,Strong,5.85,71.34,36.25,3170.02,78.47,69.2,-49.19,-76796.27,0.0,-49.19,49.19,Incorrect,No,Yes,Stop_Loss,5,1,-17953.25,3.33,1484516.31,Bullish,Bearish,Loss,Yes
SIG_0235,Day_234,BUY,Strong,60.49,36.25,70.66,5087.57,39.88,35.16,94.92,140916.43,94.92,-0.66,95.59,Incorrect,Yes,No,Target_Hit,5,2,17323.66,3.33,1625432.74,Bullish,Bearish,Profitable,Yes
SIG_0236,Day_235,SELL,Strong,33.83,36.01,70.66,3366.44,39.61,34.93,96.22,0.0,96.22,0.0,96.22,Incorrect,Yes,No,Target_Hit,5,1,35121.49,3.33,1625432.74,Bearish,Bullish,Profitable,Yes
SIG_0237,Day_236,BUY,Strong,51.64,70.66,36.71,5104.94,77.73,68.54,-48.05,-78097.14,0.0,-48.05,48.05,Incorrect,No,Yes,Stop_Loss,5,2,-8768.57,3.33,1547335.59,Bullish,Bearish,Loss,Yes
SIG_0238,Day_237,SELL,Strong,33.41,69.6,36.71,3399.45,76.56,67.51,-47.26,0.0,0.0,-47.26,47.26,Correct,No,Yes,Stop_Loss,5,1,-17248.35,3.33,1547335.59,Bearish,Bearish,Loss,Yes
SIG_0239,Day_238,BUY,Strong,43.97,36.71,35.43,4894.3,40.38,35.61,-3.49,-5395.23,0.0,-3.49,3.49,Incorrect,No,Yes,Stop_Loss,5,1,-1272.68,3.33,1541940.36,Bullish,Bearish,Loss,Yes
SIG_0240,Day_239,SELL,Medium,1.49,35.43,68.39,4821.5,38.97,34.37,93.03,0.0,93.03,0.0,93.03,Incorrect,Yes,No,Target_Hit,5,1,33955.41,3.33,1541940.36,Bearish,Bullish,Profitable,No
SIG_0241,Day_240,SELL,Strong,36.53,68.39,34.85,3060.03,75.23,66.34,-49.04,0.0,0.0,-49.04,49.04,Incorrect,No,Yes,Stop_Loss,5,1,-17900.42,3.33,1541940.36,Bearish,Bullish,Loss,Yes
SIG_0242,Day_241,SELL,Strong,6.52,34.85,69.22,2860.58,38.34,33.8,98.62,0.0,98.62,0.0,98.62,Incorrect,Yes,No,Target_Hit,5,1,35997.27,3.33,1541940.36,Bearish,Bullish,Profitable,Yes
SIG_0243,Day_242,BUY,Strong,50.14,69.22,35.78,4294.82,76.14,67.14,-48.31,-74490.73,0.0,-48.31,48.31,Incorrect,No,Yes,Stop_Loss,5,1,-17633.05,3.33,1467449.63,Bullish,Bearish,Loss,Yes
SIG_0244,Day_243,SELL,Strong,30.52,35.78,71.32,2983.9,39.36,34.71,99.33,0.0,99.33,0.0,99.33,Incorrect,Yes,No,Target_Hit,5,1,36255.17,3.33,1467449.63,Bearish,Bullish,Profitable,Yes
SIG_0245,Day_244,BUY,Strong,45.64,71.32,35.18,4345.75,78.45,69.18,-50.67,-74360.11,0.0,-50.67,50.67,Incorrect,No,Yes,Stop_Loss,5,2,-9247.83,3.33,1393089.52,Bullish,Bearish,Loss,Yes
SIG_0246,Day_245,BUY,Strong,2.5,70.34,35.18,4454.51,77.37,68.23,-49.99,-69634.67,0.0,-49.99,49.99,Incorrect,No,Yes,Stop_Loss,5,1,-18244.81,3.33,1323454.85,Bullish,Bearish,Loss,Yes
SIG_0247,Day_246,SELL,Strong,35.66,35.18,69.12,2865.97,38.7,34.12,96.48,0.0,96.48,0.0,96.48,Incorrect,Yes,No,Target_Hit,5,2,17606.74,3.33,1323454.85,Bearish,Bullish,Profitable,Yes
SIG_0248,Day_247,SELL,Strong,3.66,35.2,69.12,2761.04,38.72,34.14,96.36,0.0,96.36,0.0,96.36,Correct,Yes,No,Target_Hit,5,1,35172.73,3.33,1323454.85,Bearish,Bearish,Profitable,Yes
SIG_0249,Day_248,BUY,Strong,53.57,69.12,34.2,4240.17,76.03,67.05,-50.52,-66862.04,0.0,-50.52,50.52,Incorrect,No,Yes,Stop_Loss,5,2,-9220.05,3.33,1256592.81,Bullish,Bearish,Loss,Yes
SIG_0250,Day_249,SELL,Strong,29.11,68.31,34.2,3005.82,75.14,66.26,-49.93,0.0,0.0,-49.93,49.93,Correct,No,Yes,Stop_Loss,5,1,-18225.96,3.33,1256592.81,Bearish,Bearish,Loss,Yes
SIG_0251,Day_250,BUY,Strong,48.0,34.2,65.12,4448.58,37.62,33.17,90.41,113607.75,90.41,0.0,90.41,Incorrect,Yes,No,Target_Hit,5,1,32999.42,3.33,1370200.56,Bullish,Bearish,Profitable,Yes
SIG_0252,Day_251,SELL,Strong,32.79,65.12,32.52,2989.69,71.63,63.17,-50.06,0.0,0.0,-50.06,50.06,Correct,No,Yes,Stop_Loss,5,1,-18272.42,3.33,1370200.56,Bearish,Bearish,Loss,Yes
SIG_0253,Day_252,BUY,Strong,47.13,32.52,65.42,4398.77,35.77,31.54,101.17,138621.15,101.17,0.0,101.17,Correct,Yes,No,Target_Hit,5,2,18463.25,3.33,1508821.71,Bullish,Bullish,Profitable,Yes
SIG_0254,Day_253,SELL,Strong,36.51,32.72,65.42,2792.66,35.99,31.74,99.94,0.0,99.94,0.0,99.94,Correct,Yes,No,Target_Hit,5,1,36477.69,3.33,1508821.71,Bearish,Bearish,Profitable,Yes
SIG_0255,Day_254,BUY,Strong,56.27,65.42,32.59,4364.04,71.96,63.46,-50.18,-75717.85,0.0,-50.18,50.18,Incorrect,No,Yes,Stop_Loss,5,1,-18316.95,3.33,1433103.86,Bullish,Bearish,Loss,Yes
SIG_0256,Day_255,BUY,Strong,3.33,32.59,64.34,4509.57,35.85,31.61,97.42,139616.59,97.42,0.0,97.42,Correct,Yes,No,Target_Hit,5,1,35559.22,3.33,1572720.45,Bullish,Bullish,Profitable,Yes
SIG_0257,Day_256,SELL,Strong,37.98,64.34,61.27,2796.96,70.77,62.41,-4.77,0.0,0.0,-4.77,4.77,Correct,No,Yes,Stop_Loss,5,1,-1741.61,3.33,1572720.45,Bearish,Bearish,Loss,Yes
SIG_0258,Day_257,BUY,Strong,50.91,61.27,30.63,4221.02,67.4,59.43,-50.01,-78648.86,0.0,-50.01,50.01,Incorrect,No,Yes,Stop_Loss,5,1,-18252.98,3.33,1494071.59,Bullish,Bearish,Loss,Yes
SIG_0259,Day_258,SELL,Strong,34.14,30.63,60.93,2779.96,33.69,29.71,98.92,0.0,98.92,-1.11,100.03,Incorrect,Yes,No,Target_Hit,5,2,18053.38,3.33,1494071.59,Bearish,Bullish,Profitable,Yes
SIG_0260,Day_259,BUY,Strong,49.89,30.29,60.93,4166.97,33.32,29.38,101.16,151133.55,101.16,0.0,101.16,Correct,Yes,No,Target_Hit,5,1,36921.76,3.33,1645205.15,Bullish,Bullish,Profitable,Yes
SIG_0261,Day_260,SELL,Strong,36.74,60.93,29.48,2635.9,67.02,59.1,-51.62,0.0,0.77,-51.62,52.39,Incorrect,No,Yes,Stop_Loss,5,2,-9420.03,3.33,1645205.15,Bearish,Bullish,Loss,Yes
SIG_0262,Day_261,BUY,Strong,2.87,61.4,29.48,2711.54,67.54,59.56,-51.99,-85529.23,0.0,-51.99,51.99,Incorrect,No,Yes,Stop_Loss,5,1,-18975.24,3.33,1559675.92,Bullish,Bearish,Loss,Yes
SIG_0263,Day_262,BUY,Strong,77.96,29.48,63.96,4825.58,32.43,28.6,116.96,182420.71,116.96,0.0,116.96,Correct,Yes,No,Target_Hit,5,1,42690.64,3.33,1742096.63,Bullish,Bullish,Profitable,Yes
SIG_0264,Day_263,SELL,Strong,34.02,63.96,32.04,3184.0,70.36,62.04,-49.91,0.0,0.0,-49.91,49.91,Correct,No,Yes,Stop_Loss,5,1,-18215.76,3.33,1742096.63,Bearish,Bearish,Loss,Yes
SIG_0265,Day_264,BUY,Strong,60.76,32.04,63.2,5118.74,35.24,31.08,97.25,169424.88,97.25,0.0,97.25,Correct,Yes,No,Target_Hit,5,1,35497.5,3.33,1911521.5,Bullish,Bullish,Profitable,Yes
SIG_0266,Day_265,SELL,Strong,36.72,63.2,32.11,3239.33,69.52,61.3,-49.19,0.0,0.0,-49.19,49.19,Correct,No,Yes,Stop_Loss,5,1,-17955.46,3.33,1911521.5,Bearish,Bearish,Loss,Yes
SIG_0267,Day_266,BUY,Strong,55.76,32.11,61.21,5045.43,35.32,31.15,90.63,173233.5,90.63,0.0,90.63,Correct,Yes,No,Target_Hit,5,1,33078.48,3.33,2084755.0,Bullish,Bullish,Profitable,Yes
SIG_0268,Day_267,SELL,Strong,34.96,61.21,31.57,3281.46,67.33,59.37,-48.42,0.0,0.0,-48.42,48.42,Correct,No,Yes,Stop_Loss,5,1,-17674.56,3.33,2084755.0,Bearish,Bearish,Loss,Yes
SIG_0269,Day_268,BUY,Strong,49.79,31.57,61.1,4915.33,34.73,30.62,93.54,195004.17,93.54,0.0,93.54,Incorrect,Yes,No,Target_Hit,5,1,34141.43,3.33,2279759.17,Bullish,Bearish,Profitable,Yes
SIG_0270,Day_269,SELL,Strong,2.57,61.1,31.02,4788.94,67.21,59.27,-49.23,0.0,0.0,-49.23,49.23,Correct,No,Yes,Stop_Loss,5,1,-17969.23,3.33,2279759.17,Bearish,Bearish,Loss,Yes
SIG_0271,Day_270,SELL,Strong,40.96,31.02,59.77,2827.43,34.12,30.09,92.68,0.0,92.68,0.0,92.68,Correct,Yes,No,Target_Hit,5,1,33828.98,3.33,2279759.17,Bearish,Bearish,Profitable,Yes
SIG_0272,Day_271,BUY,Strong,47.37,59.77,30.48,4166.66,65.75,57.98,-49.0,-111718.5,0.0,-49.0,49.0,Incorrect,No,Yes,Stop_Loss,5,1,-17886.65,3.33,2168040.67,Bullish,Bearish,Loss,Yes
SIG_0273,Day_272,SELL,Strong,35.77,30.48,28.77,2676.1,33.53,29.57,-5.61,0.0,0.0,-5.61,5.61,Incorrect,No,Yes,Stop_Loss,5,1,-2047.74,3.33,2168040.67,Bearish,Bullish,Loss,Yes
SIG_0274,Day_273,BUY,Strong,55.31,28.77,57.82,4156.32,31.65,27.91,100.97,218914.08,100.97,0.0,100.97,Incorrect,Yes,No,Target_Hit,5,1,36855.23,3.33,2386954.75,Bullish,Bearish,Profitable,Yes
SIG_0275,Day_274,SELL,Strong,35.33,57.82,27.28,2687.71,63.6,56.09,-52.82,0.0,0.0,-52.82,52.82,Correct,No,Yes,Stop_Loss,5,1,-19278.97,3.33,2386954.75,Bearish,Bearish,Loss,Yes
SIG_0276,Day_275,BUY,Weak,0.38,27.28,55.23,2697.83,30.01,26.46,102.46,244557.86,102.46,0.0,102.46,Correct,Yes,No,Target_Hit,5,1,37396.44,3.33,2631512.62,Bullish,Bullish,Profitable,No
SIG_0277,Day_276,BUY,Strong,75.11,55.23,26.6,4724.21,60.75,53.57,-51.84,-136411.74,0.0,-51.84,51.84,Correct,No,Yes,Stop_Loss,5,2,-9460.39,3.33,2495100.87,Bullish,Bullish,Loss,Yes
SIG_0278,Day_277,SELL,Strong,40.38,54.66,26.6,2816.54,60.13,53.02,-51.34,0.0,0.0,-51.34,51.34,Correct,No,Yes,Stop_Loss,5,1,-18737.47,3.33,2495100.87,Bearish,Bearish,Loss,Yes
SIG_0279,Day_278,BUY,Strong,74.11,26.6,55.88,4903.81,29.26,25.8,110.08,274648.7,110.08,0.0,110.08,Correct,Yes,No,Target_Hit,5,2,20088.72,3.33,2769749.57,Bullish,Bullish,Profitable,Yes
SIG_0280,Day_279,SELL,Strong,37.54,27.15,55.88,3062.76,29.86,26.34,105.82,0.0,105.82,0.0,105.82,Incorrect,Yes,No,Target_Hit,5,1,38624.13,3.33,2769749.57,Bearish,Bullish,Profitable,Yes
SIG_0281,Day_280,BUY,Strong,65.69,55.88,28.19,5074.64,61.47,54.2,-49.55,-137248.33,4.56,-49.55,54.12,Correct,No,Yes,Stop_Loss,5,2,-9043.35,3.33,2632501.24,Bullish,Bullish,Loss,Yes
SIG_0282,Day_281,BUY,Medium,1.1,58.43,28.19,5130.7,64.27,56.68,-51.75,-136243.09,0.0,-51.75,51.75,Incorrect,No,Yes,Stop_Loss,5,1,-18890.3,3.33,2496258.15,Bullish,Bearish,Loss,No
SIG_0283,Day_282,SELL,Strong,40.3,28.19,62.56,3063.05,31.01,27.34,121.92,0.0,121.92,0.0,121.92,Incorrect,Yes,No,Target_Hit,5,1,44501.77,3.33,2496258.15,Bearish,Bullish,Profitable,Yes
SIG_0284,Day_283,BUY,Strong,47.67,62.56,29.82,4523.23,68.82,60.68,-52.33,-130638.57,0.0,-52.33,52.33,Incorrect,No,Yes,Stop_Loss,5,1,-19101.82,3.33,2365619.58,Bullish,Bearish,Loss,Yes
SIG_0285,Day_284,SELL,Strong,36.38,29.82,61.84,2877.68,32.8,28.93,107.38,0.0,107.38,0.0,107.38,Incorrect,Yes,No,Target_Hit,5,1,39192.82,3.33,2365619.58,Bearish,Bullish,Profitable,Yes
SIG_0286,Day_285,BUY,Strong,57.57,61.84,30.6,4534.36,68.02,59.98,-50.52,-119505.1,0.0,-50.52,50.52,Incorrect,No,Yes,Stop_Loss,5,1,-18438.87,3.33,2246114.47,Bullish,Bearish,Loss,Yes
SIG_0287,Day_286,SELL,Strong,34.7,30.6,58.62,2961.15,33.66,29.68,91.57,0.0,91.57,0.0,91.57,Correct,Yes,No,Target_Hit,5,1,33422.55,3.33,2246114.47,Bearish,Bearish,Profitable,Yes
SIG_0288,Day_287,BUY,Strong,58.11,58.62,29.34,4681.92,64.48,56.86,-49.95,-112190.77,0.0,-49.95,49.95,Incorrect,No,Yes,Stop_Loss,5,1,-18231.32,3.33,2133923.7,Bullish,Bearish,Loss,Yes
SIG_0289,Day_288,SELL,Strong,32.52,29.34,57.17,3159.29,32.27,28.46,94.85,0.0,94.85,0.0,94.85,Incorrect,Yes,No,Target_Hit,5,1,34621.51,3.33,2133923.7,Bearish,Bullish,Profitable,Yes
SIG_0290,Day_289,BUY,Strong,47.57,57.17,28.58,4662.13,62.89,55.45,-50.01,-106714.85,0.0,-50.01,50.01,Incorrect,No,Yes,Stop_Loss,5,1,-18253.19,3.33,2027208.85,Bullish,Bearish,Loss,Yes
SIG_0291,Day_290,SELL,Strong,33.92,28.58,56.35,3080.96,31.44,27.72,97.17,0.0,97.17,-2.59,99.76,Correct,Yes,No,Target_Hit,5,2,17732.77,3.33,2027208.85,Bearish,Bearish,Profitable,Yes
SIG_0292,Day_291,SELL,Strong,3.25,27.84,56.35,2980.97,30.62,27.0,102.41,0.0,102.41,0.0,102.41,Incorrect,Yes,No,Target_Hit,5,1,37378.41,3.33,2027208.85,Bearish,Bullish,Profitable,Yes
SIG_0293,Day_292,BUY,Strong,57.3,56.35,28.71,4689.19,61.99,54.66,-49.05,-99435.76,0.0,-49.05,49.05,Incorrect,No,Yes,Stop_Loss,5,2,-8951.73,3.33,1927773.09,Bullish,Bearish,Loss,Yes
SIG_0294,Day_293,SELL,Strong,33.53,55.9,28.71,3116.7,61.49,54.22,-48.64,0.0,0.0,-48.64,48.64,Incorrect,No,Yes,Stop_Loss,5,1,-17753.76,3.33,1927773.09,Bearish,Bullish,Loss,Yes
SIG_0295,Day_294,BUY,Strong,52.51,28.71,27.02,4753.23,31.58,27.85,-5.89,-11347.74,0.0,-5.89,5.89,Correct,No,Yes,Stop_Loss,5,1,-2148.55,3.33,1916425.35,Bullish,Bullish,Loss,Yes
SIG_0296,Day_295,BUY,Weak,0.04,27.02,56.11,4754.9,29.72,26.21,107.66,206324.25,107.66,0.0,107.66,Correct,Yes,No,Target_Hit,5,1,39296.26,3.33,2122749.6,Bullish,Bullish,Profitable,No
SIG_0297,Day_296,SELL,Strong,37.81,56.11,28.31,2957.23,61.72,54.43,-49.55,0.0,0.0,-49.55,49.55,Incorrect,No,Yes,Stop_Loss,5,1,-18084.12,3.33,2122749.6,Bearish,Bullish,Loss,Yes
SIG_0298,Day_297,SELL,Strong,4.23,28.31,57.76,2832.28,31.14,27.46,104.03,0.0,104.03,0.0,104.03,Incorrect,Yes,No,Target_Hit,5,1,37969.8,3.33,2122749.6,Bearish,Bullish,Profitable,Yes
SIG_0299,Day_298,BUY,Strong,55.45,57.76,29.66,4402.83,63.54,56.03,-48.65,-103270.89,0.0,-48.65,48.65,Correct,No,Yes,Stop_Loss,5,1,-17757.1,3.33,2019478.72,Bullish,Bullish,Loss,Yes
SIG_0300,Day_299,BUY,Strong,4.96,29.66,59.4,4621.07,32.63,28.77,100.27,202492.57,100.27,0.0,100.27,Correct,Yes,No,Target_Hit,5,1,36598.45,3.33,2221971.29,Bullish,Bullish,Profitable,Yes
SIG_0301,Day_300,SELL,Strong,35.45,59.4,28.51,2983.0,65.34,57.62,-52.0,0.0,0.2,-52.0,52.21,Incorrect,No,Yes,Stop_Loss,5,2,-9490.61,3.33,2221971.29,Bearish,Bullish,Loss,Yes
SIG_0302,Day_301,BUY,Strong,41.34,59.52,28.51,4216.05,65.47,57.73,-52.1,-115765.0,0.0,-52.1,52.1,Incorrect,No,Yes,Stop_Loss,5,1,-19016.55,3.33,2106206.28,Bullish,Bearish,Loss,Yes
SIG_0303,Day_302,SELL,Strong,33.83,28.51,60.8,2789.73,31.36,27.65,113.26,0.0,113.26,0.0,113.26,Incorrect,Yes,No,Target_Hit,5,1,41339.35,3.33,2106206.28,Bearish,Bullish,Profitable,Yes
SIG_0304,Day_303,BUY,Strong,48.4,60.8,30.3,4140.02,66.88,58.98,-50.16,-105656.73,0.0,-50.16,50.16,Incorrect,No,Yes,Stop_Loss,5,1,-18310.03,3.33,2000549.56,Bullish,Bearish,Loss,Yes
SIG_0305,Day_304,SELL,Strong,34.11,30.3,60.49,2727.84,33.33,29.39,99.64,0.0,99.64,0.0,99.64,Correct,Yes,No,Target_Hit,5,1,36367.49,3.33,2000549.56,Bearish,Bearish,Profitable,Yes
SIG_0306,Day_305,BUY,Strong,2.68,60.49,30.57,2800.95,66.54,58.68,-49.46,-98952.62,0.0,-49.46,49.46,Incorrect,No,Yes,Stop_Loss,5,1,-18053.89,3.33,1901596.93,Bullish,Bearish,Loss,Yes
SIG_0307,Day_306,BUY,Strong,64.21,30.57,28.82,4599.52,33.63,29.65,-5.72,-10885.82,0.0,-5.72,5.72,Correct,No,Yes,Stop_Loss,5,1,-2089.47,3.33,1890711.11,Bullish,Bullish,Loss,Yes
SIG_0308,Day_307,BUY,Strong,3.46,28.82,57.31,4758.58,31.7,27.96,98.85,186906.17,98.85,0.0,98.85,Incorrect,Yes,No,Target_Hit,5,1,36082.06,3.33,2077617.29,Bullish,Bearish,Profitable,Yes
SIG_0309,Day_308,SELL,Strong,36.34,57.31,27.95,3029.55,63.04,55.59,-51.23,0.0,0.0,-51.23,51.23,Correct,No,Yes,Stop_Loss,5,1,-18699.01,3.33,2077617.29,Bearish,Bearish,Loss,Yes
SIG_0310,Day_309,SELL,Strong,4.15,27.95,56.96,2903.84,30.74,27.11,103.79,0.0,103.79,0.0,103.79,Incorrect,Yes,No,Target_Hit,5,1,37884.26,3.33,2077617.29,Bearish,Bullish,Profitable,Yes
SIG_0311,Day_310,BUY,Strong,55.77,56.96,28.17,4523.31,62.66,55.25,-50.54,-105011.59,3.58,-50.54,54.13,Correct,No,Yes,Stop_Loss,5,2,-9224.32,3.33,1972605.7,Bullish,Bullish,Loss,Yes
SIG_0312,Day_311,SELL,Strong,29.21,59.0,28.17,3202.2,64.9,57.23,-52.25,0.0,0.0,-52.25,52.25,Correct,No,Yes,Stop_Loss,5,1,-19072.8,3.33,1972605.7,Bearish,Bearish,Loss,Yes
SIG_0313,Day_312,BUY,Strong,44.79,28.17,27.22,4636.3,30.99,27.32,-3.37,-6652.38,0.0,-3.37,3.37,Correct,No,Yes,Stop_Loss,5,1,-1230.92,3.33,1965953.32,Bullish,Bullish,Loss,Yes
SIG_0314,Day_313,SELL,Weak,0.52,27.22,57.4,4612.38,29.94,26.4,110.87,0.0,110.87,0.0,110.87,Incorrect,Yes,No,Target_Hit,5,1,40469.14,3.33,1965953.32,Bearish,Bullish,Profitable,No
SIG_0315,Day_314,SELL,Strong,36.8,57.4,28.39,2914.91,63.14,55.68,-50.54,0.0,0.99,-50.54,51.53,Incorrect,No,Yes,Stop_Loss,5,2,-9223.56,3.33,1965953.32,Bearish,Bullish,Loss,Yes
SIG_0316,Day_315,BUY,Strong,35.8,57.97,28.39,3958.46,63.77,56.23,-51.03,-100315.51,0.0,-51.03,51.03,Incorrect,No,Yes,Stop_Loss,5,1,-18624.63,3.33,1865637.81,Bullish,Bearish,Loss,Yes
SIG_0317,Day_316,SELL,Strong,31.4,28.39,56.91,2715.57,31.23,27.54,100.46,0.0,100.46,0.0,100.46,Incorrect,Yes,No,Target_Hit,5,1,36667.14,3.33,1865637.81,Bearish,Bullish,Profitable,Yes
SIG_0318,Day_317,BUY,Medium,1.58,56.91,28.08,2758.46,62.6,55.2,-50.66,-94511.22,0.0,-50.66,50.66,Incorrect,No,Yes,Stop_Loss,5,1,-18490.51,3.33,1771126.59,Bullish,Bearish,Loss,No
SIG_0319,Day_318,BUY,Strong,53.13,28.08,58.76,4224.0,30.89,27.24,109.26,193511.98,109.26,0.0,109.26,Incorrect,Yes,No,Target_Hit,5,1,39879.63,3.33,1964638.56,Bullish,Bearish,Profitable,Yes
SIG_0320,Day_319,BUY,Strong,4.58,58.76,29.36,4417.35,64.64,57.0,-50.03,-98298.8,0.0,-50.03,50.03,Incorrect,No,Yes,Stop_Loss,5,1,-18262.42,3.33,1866339.77,Bullish,Bearish,Loss,Yes
SIG_0321,Day_320,SELL,Strong,34.14,29.36,56.09,2909.45,32.3,28.48,91.04,0.0,91.04,0.0,91.04,Correct,Yes,No,Target_Hit,5,1,33230.42,3.33,1866339.77,Bearish,Bearish,Profitable,Yes
SIG_0322,Day_321,SELL,Strong,8.93,56.09,28.08,2649.51,61.7,54.41,-49.94,0.0,0.0,-49.94,49.94,Correct,No,Yes,Stop_Loss,5,1,-18227.22,3.33,1866339.77,Bearish,Bearish,Loss,Yes
SIG_0323,Day_322,BUY,Strong,51.35,28.08,27.14,4009.97,30.89,27.24,-3.35,-6247.72,0.0,-3.35,3.35,Correct,No,Yes,Stop_Loss,5,1,-1221.87,3.33,1860092.05,Bullish,Bullish,Loss,Yes
SIG_0324,Day_323,SELL,Strong,31.51,27.14,52.22,2746.35,29.85,26.33,92.41,0.0,92.41,0.0,92.41,Incorrect,Yes,No,Target_Hit,5,1,33729.55,3.33,1860092.05,Bearish,Bullish,Profitable,Yes
SIG_0325,Day_324,BUY,Strong,44.48,52.22,27.98,3967.94,57.44,50.65,-46.42,-86343.61,0.0,-46.42,46.42,Incorrect,No,Yes,Stop_Loss,5,1,-16942.93,3.33,1773748.44,Bullish,Bearish,Loss,Yes
SIG_0326,Day_325,SELL,Strong,29.69,27.98,53.66,2789.95,30.78,27.14,91.78,0.0,91.78,0.0,91.78,Incorrect,Yes,No,Target_Hit,5,1,33499.64,3.33,1773748.44,Bearish,Bullish,Profitable,Yes
SIG_0327,Day_326,BUY,Strong,42.54,53.66,28.06,3976.91,59.03,52.05,-47.71,-84621.62,0.0,-47.71,47.71,Correct,No,Yes,Stop_Loss,5,2,-8706.67,3.33,1689126.82,Bullish,Bullish,Loss,Yes
SIG_0328,Day_327,SELL,Strong,27.91,52.69,28.06,2866.98,57.96,51.11,-46.75,0.0,0.0,-46.75,46.75,Correct,No,Yes,Stop_Loss,5,1,-17061.97,3.33,1689126.82,Bearish,Bearish,Loss,Yes
SIG_0329,Day_328,BUY,Strong,39.02,28.06,52.25,3985.76,30.87,27.22,86.21,145616.46,86.21,0.0,86.21,Correct,Yes,No,Target_Hit,5,2,15732.98,3.33,1834743.28,Bullish,Bullish,Profitable,Yes
SIG_0330,Day_329,SELL,Strong,28.69,28.48,52.25,2842.07,31.33,27.63,83.46,0.0,83.46,0.0,83.46,Incorrect,Yes,No,Target_Hit,5,1,30463.66,3.33,1834743.28,Bearish,Bullish,Profitable,Yes
SIG_0331,Day_330,BUY,Strong,38.93,52.25,29.14,3948.52,57.48,50.68,-44.23,-81150.08,4.02,-44.23,48.25,Correct,No,Yes,Stop_Loss,5,2,-8071.91,3.33,1753593.2,Bullish,Bullish,Loss,Yes
SIG_0332,Day_331,SELL,Strong,27.85,54.35,29.14,2848.81,59.78,52.72,-46.38,0.0,0.0,-46.38,46.38,Correct,No,Yes,Stop_Loss,5,1,-16930.36,3.33,1753593.2,Bearish,Bearish,Loss,Yes
SIG_0333,Day_332,BUY,Strong,37.16,29.14,54.18,3907.5,32.05,28.27,85.93,150686.25,85.93,0.0,85.93,Correct,Yes,No,Target_Hit,5,1,31364.45,3.33,1904279.45,Bullish,Bullish,Profitable,Yes
SIG_0334,Day_333,BUY,Strong,4.43,54.18,29.74,4080.49,59.6,52.55,-45.11,-85899.94,0.0,-45.11,45.11,Correct,No,Yes,Stop_Loss,5,1,-16464.75,3.33,1818379.51,Bullish,Bullish,Loss,Yes
SIG_0335,Day_334,SELL,Strong,33.31,29.74,55.38,2721.46,32.71,28.85,86.21,0.0,86.21,0.0,86.21,Incorrect,Yes,No,Target_Hit,5,1,31468.06,3.33,1818379.51,Bearish,Bullish,Profitable,Yes
SIG_0336,Day_335,BUY,Strong,31.36,55.38,30.09,3574.9,60.92,53.72,-45.67,-83038.67,0.0,-45.67,45.67,Correct,No,Yes,Stop_Loss,5,1,-16668.2,3.33,1735340.83,Bullish,Bullish,Loss,Yes
SIG_0337,Day_336,SELL,Strong,27.26,30.09,56.24,2600.25,33.1,29.19,86.91,0.0,86.91,0.0,86.91,Incorrect,Yes,No,Target_Hit,5,2,15860.34,3.33,1735340.83,Bearish,Bullish,Profitable,Yes
SIG_0338,Day_337,SELL,Strong,4.63,30.39,56.24,2479.77,33.43,29.48,85.06,0.0,85.06,0.0,85.06,Incorrect,Yes,No,Target_Hit,5,1,31047.22,3.33,1735340.83,Bearish,Bullish,Profitable,Yes
SIG_0339,Day_338,BUY,Strong,47.89,56.24,30.3,3667.34,61.86,54.55,-46.12,-80040.44,0.0,-46.12,46.12,Correct,No,Yes,Stop_Loss,5,1,-16835.17,3.33,1655300.4,Bullish,Bullish,Loss,Yes
SIG_0340,Day_339,BUY,Strong,5.63,30.3,56.02,3873.64,33.33,29.39,84.88,140509.33,84.88,0.0,84.88,Correct,Yes,No,Target_Hit,5,1,30982.84,3.33,1795809.72,Bullish,Bullish,Profitable,Yes
SIG_0341,Day_340,SELL,Strong,32.81,56.02,30.36,2602.77,61.62,54.34,-45.81,0.0,0.0,-45.81,45.81,Correct,No,Yes,Stop_Loss,5,1,-16718.85,3.33,1795809.72,Bearish,Bearish,Loss,Yes
SIG_0342,Day_341,SELL,Strong,13.03,30.36,56.5,2263.65,33.4,29.45,86.1,0.0,86.1,0.0,86.1,Correct,Yes,No,Target_Hit,5,1,31426.55,3.33,1795809.72,Bearish,Bearish,Profitable,Yes
SIG_0343,Day_342,BUY,Strong,52.27,56.5,30.37,3446.87,62.15,54.8,-46.25,-83052.23,3.01,-46.25,49.26,Incorrect,No,Yes,Stop_Loss,5,2,-8440.22,3.33,1712757.5,Bullish,Bearish,Loss,Yes
SIG_0344,Day_343,SELL,Strong,30.26,58.2,30.37,2403.78,64.02,56.45,-47.82,0.0,0.0,-47.82,47.82,Correct,No,Yes,Stop_Loss,5,1,-17453.52,3.33,1712757.5,Bearish,Bearish,Loss,Yes
SIG_0345,Day_344,BUY,Strong,49.51,30.37,54.51,3593.9,33.41,29.46,79.49,136140.82,79.49,0.0,79.49,Correct,Yes,No,Target_Hit,5,1,29012.51,3.33,1848898.31,Bullish,Bullish,Profitable,Yes
SIG_0346,Day_345,SELL,Strong,28.9,54.51,29.3,2555.35,59.96,52.87,-46.25,0.0,0.0,-46.25,46.25,Correct,No,Yes,Stop_Loss,5,1,-16880.66,3.33,1848898.31,Bearish,Bearish,Loss,Yes
SIG_0347,Day_346,BUY,Strong,44.98,29.3,53.99,3704.65,32.23,28.42,84.27,155799.66,84.27,-0.78,85.05,Correct,Yes,No,Target_Hit,5,2,15378.58,3.33,2004697.97,Bullish,Bullish,Profitable,Yes
SIG_0348,Day_347,SELL,Strong,25.73,29.07,53.99,2751.4,31.98,28.2,85.72,0.0,85.72,0.0,85.72,Correct,Yes,No,Target_Hit,5,1,31289.3,3.33,2004697.97,Bearish,Bearish,Profitable,Yes
SIG_0349,Day_348,BUY,Strong,39.01,53.99,28.85,3824.66,59.39,52.37,-46.56,-93347.11,0.0,-46.56,46.56,Incorrect,No,Yes,Stop_Loss,5,2,-8497.96,3.33,1911350.86,Bullish,Bearish,Loss,Yes
SIG_0350,Day_349,SELL,Strong,26.5,53.3,28.85,2811.27,58.63,51.7,-45.87,0.0,0.0,-45.87,45.87,Correct,No,Yes,Stop_Loss,5,1,-16743.43,3.33,1911350.86,Bearish,Bearish,Loss,Yes
SIG_0351,Day_350,BUY,Strong,35.15,28.85,52.5,3799.3,31.74,27.98,81.98,156684.39,81.98,0.0,81.98,Correct,Yes,No,Target_Hit,5,1,29921.14,3.33,2068035.25,Bullish,Bullish,Profitable,Yes
SIG_0352,Day_351,BUY,Strong,3.46,52.5,28.99,3930.7,57.75,50.92,-44.78,-92608.59,0.0,-44.78,44.78,Incorrect,No,Yes,Stop_Loss,5,1,-16345.05,3.33,1975426.66,Bullish,Bearish,Loss,Yes
SIG_0353,Day_352,SELL,Strong,33.18,28.99,50.27,2626.35,31.89,28.12,73.4,0.0,73.4,0.0,73.4,Incorrect,Yes,No,Target_Hit,5,1,26792.69,3.33,1975426.66,Bearish,Bullish,Profitable,Yes
SIG_0354,Day_353,SELL,Strong,9.63,50.27,28.35,2373.31,55.3,48.76,-43.6,0.0,0.0,-43.6,43.6,Correct,No,Yes,Stop_Loss,5,1,-15915.66,3.33,1975426.66,Bearish,Bearish,Loss,Yes
SIG_0355,Day_354,BUY,Strong,45.53,28.35,52.4,3453.78,31.19,27.5,84.83,167580.29,84.83,0.0,84.83,Incorrect,Yes,No,Target_Hit,5,2,15481.92,3.33,2143006.95,Bullish,Bearish,Profitable,Yes
SIG_0356,Day_355,BUY,Strong,9.44,28.97,52.4,3779.72,31.87,28.1,80.88,173319.48,80.88,0.0,80.88,Correct,Yes,No,Target_Hit,5,1,29520.02,3.33,2316326.43,Bullish,Bullish,Profitable,Yes
SIG_0357,Day_356,SELL,Strong,32.3,52.4,50.2,2558.73,57.64,50.83,-4.2,0.0,0.0,-4.2,4.2,Correct,No,Yes,Stop_Loss,5,1,-1532.44,3.33,2316326.43,Bearish,Bearish,Loss,Yes
SIG_0358,Day_357,BUY,Strong,28.96,50.2,27.96,3299.7,55.22,48.69,-44.3,-102619.72,0.0,-44.3,44.3,Incorrect,No,Yes,Stop_Loss,5,1,-16170.52,3.33,2213706.71,Bullish,Bearish,Loss,Yes
SIG_0359,Day_358,SELL,Strong,28.74,27.96,49.59,2351.5,30.76,27.12,77.36,0.0,77.36,-0.46,77.83,Correct,Yes,No,Target_Hit,5,2,14118.29,3.33,2213706.71,Bearish,Bearish,Profitable,Yes
SIG_0360,Day_359,BUY,Strong,37.8,27.83,49.59,3240.31,30.61,27.0,78.19,173087.52,78.19,0.0,78.19,Correct,Yes,No,Target_Hit,5,1,28538.99,3.33,2386794.23,Bullish,Bullish,Profitable,Yes
SIG_0361,Day_360,SELL,Strong,27.47,49.59,27.66,2350.17,54.55,48.1,-44.22,0.0,0.0,-44.22,44.22,Incorrect,No,Yes,Stop_Loss,5,1,-16141.26,3.33,2386794.23,Bearish,Bullish,Loss,Yes
SIG_0362,Day_361,SELL,Medium,1.9,27.66,48.29,2305.61,30.43,26.83,74.58,0.0,74.58,0.0,74.58,Incorrect,Yes,No,Target_Hit,5,1,27223.25,3.33,2386794.23,Bearish,Bullish,Profitable,No
SIG_0363,Day_362,BUY,Strong,60.83,48.29,27.31,3708.14,53.12,46.84,-43.45,-103696.3,0.0,-43.45,43.45,Correct,No,Yes,Stop_Loss,5,1,-15857.73,3.33,2283097.93,Bullish,Bullish,Loss,Yes
SIG_0364,Day_363,SELL,Strong,27.63,27.31,49.06,2683.64,30.04,26.49,79.64,0.0,79.64,0.0,79.64,Incorrect,Yes,No,Target_Hit,5,1,29069.02,3.33,2283097.93,Bearish,Bullish,Profitable,Yes
SIG_0365,Day_364,BUY,Strong,43.28,49.06,28.99,3845.03,53.97,47.59,-40.91,-93399.46,8.32,-40.91,49.23,Correct,No,Yes,Stop_Loss,5,2,-7465.91,3.33,2189698.47,Bullish,Bullish,Loss,Yes
SIG_0366,Day_365,SELL,Strong,28.35,53.14,28.99,2754.93,58.45,51.55,-45.45,0.0,0.0,-45.45,45.45,Correct,No,Yes,Stop_Loss,5,1,-16587.79,3.33,2189698.47,Bearish,Bearish,Loss,Yes
SIG_0367,Day_366,BUY,Strong,39.28,28.99,56.63,3837.15,31.89,28.12,95.34,208772.91,95.34,0.0,95.34,Correct,Yes,No,Target_Hit,5,1,34800.28,3.33,2398471.38,Bullish,Bullish,Profitable,Yes
SIG_0368,Day_367,BUY,Strong,5.3,56.63,30.08,4040.51,62.29,54.93,-46.88,-112448.2,0.0,-46.88,46.88,Incorrect,No,Yes,Stop_Loss,5,1,-17112.4,3.33,2286023.18,Bullish,Bearish,Loss,Yes
SIG_0369,Day_368,SELL,Strong,32.56,30.08,56.33,2724.77,33.09,29.18,87.27,0.0,87.27,0.0,87.27,Incorrect,Yes,No,Target_Hit,5,1,31852.56,3.33,2286023.18,Bearish,Bullish,Profitable,Yes
SIG_0370,Day_369,BUY,Strong,29.82,56.33,30.58,3537.42,61.96,54.64,-45.71,-104500.44,0.0,-45.71,45.71,Incorrect,No,Yes,Stop_Loss,5,1,-16685.16,3.33,2181522.74,Bullish,Bearish,Loss,Yes
SIG_0371,Day_370,SELL,Strong,28.49,30.58,55.97,2529.66,33.64,29.66,83.03,0.0,83.03,-0.49,83.52,Correct,Yes,No,Target_Hit,5,2,15152.63,3.33,2181522.74,Bearish,Bearish,Profitable,Yes
SIG_0372,Day_371,SELL,Strong,7.73,30.43,55.97,2334.16,33.47,29.52,83.93,0.0,83.93,0.0,83.93,Incorrect,Yes,No,Target_Hit,5,1,30634.57,3.33,2181522.74,Bearish,Bullish,Profitable,Yes
SIG_0373,Day_372,BUY,Strong,56.07,55.97,30.56,3642.81,61.57,54.29,-45.4,-99039.65,1.95,-45.4,47.35,Correct,No,Yes,Stop_Loss,5,2,-8285.38,3.33,2082483.09,Bullish,Bullish,Loss,Yes
SIG_0374,Day_373,BUY,Strong,9.16,57.06,30.56,3976.43,62.77,55.35,-46.44,-96715.39,0.0,-46.44,46.44,Incorrect,No,Yes,Stop_Loss,5,1,-16951.45,3.33,1985767.7,Bullish,Bearish,Loss,Yes
SIG_0375,Day_374,SELL,Strong,33.2,30.56,58.23,2656.25,33.62,29.64,90.54,0.0,90.54,-0.43,90.97,Correct,Yes,No,Target_Hit,5,2,16524.13,3.33,1985767.7,Bearish,Bearish,Profitable,Yes
SIG_0376,Day_375,SELL,Strong,9.86,30.43,58.23,2394.22,33.47,29.52,91.36,0.0,91.36,0.0,91.36,Incorrect,Yes,No,Target_Hit,5,1,33345.38,3.33,1985767.7,Bearish,Bullish,Profitable,Yes
SIG_0377,Day_376,BUY,Strong,50.02,58.23,29.95,3591.77,64.05,56.48,-48.57,-96440.86,0.0,-48.57,48.57,Incorrect,No,Yes,Stop_Loss,5,2,-8863.3,3.33,1889326.84,Bullish,Bearish,Loss,Yes
SIG_0378,Day_377,SELL,Strong,24.83,56.96,29.95,2699.8,62.66,55.25,-47.42,0.0,0.0,-47.42,47.42,Correct,No,Yes,Stop_Loss,5,1,-17308.02,3.33,1889326.84,Bearish,Bearish,Loss,Yes
SIG_0379,Day_378,BUY,Strong,38.69,29.95,57.0,3744.27,32.94,29.05,90.32,170638.7,90.32,0.0,90.32,Incorrect,Yes,No,Target_Hit,5,2,16482.89,3.33,2059965.54,Bullish,Bearish,Profitable,Yes
SIG_0380,Day_379,SELL,Strong,29.08,29.97,57.0,2655.51,32.97,29.07,90.19,0.0,90.19,0.0,90.19,Incorrect,Yes,No,Target_Hit,5,1,32919.42,3.33,2059965.54,Bearish,Bullish,Profitable,Yes
SIG_0381,Day_380,BUY,Strong,37.16,57.0,29.85,3642.4,62.7,55.29,-47.63,-98119.41,0.0,-47.63,47.63,Incorrect,No,Yes,Stop_Loss,5,2,-8692.76,3.33,1961846.13,Bullish,Bearish,Loss,Yes
SIG_0382,Day_381,SELL,Strong,25.3,56.31,29.85,2720.95,61.94,54.62,-46.99,0.0,0.0,-46.99,46.99,Incorrect,No,Yes,Stop_Loss,5,1,-17151.31,3.33,1961846.13,Bearish,Bullish,Loss,Yes
SIG_0383,Day_382,BUY,Strong,35.14,29.85,56.87,3677.04,32.84,28.95,90.52,177584.87,90.52,0.0,90.52,Incorrect,Yes,No,Target_Hit,5,2,16519.77,3.33,2139431.0,Bullish,Bearish,Profitable,Yes
SIG_0384,Day_383,BUY,Strong,4.42,29.93,56.87,3839.6,32.92,29.03,90.01,192570.23,90.01,0.0,90.01,Correct,Yes,No,Target_Hit,5,1,32853.66,3.33,2332001.23,Bullish,Bullish,Profitable,Yes
SIG_0385,Day_384,SELL,Strong,29.94,56.87,30.0,2689.85,62.56,55.16,-47.25,0.0,0.0,-47.25,47.25,Incorrect,No,Yes,Stop_Loss,5,1,-17245.56,3.33,2332001.23,Bearish,Bullish,Loss,Yes
SIG_0386,Day_385,BUY,Strong,21.31,30.0,57.36,3262.97,33.0,29.1,91.2,212678.51,91.2,0.0,91.2,Correct,Yes,No,Target_Hit,5,1,33288.0,3.33,2544679.75,Bullish,Bullish,Profitable,Yes
SIG_0387,Day_386,SELL,Strong,26.34,57.36,29.85,2403.4,63.1,55.64,-47.96,0.0,0.0,-47.96,47.96,Correct,No,Yes,Stop_Loss,5,1,-17505.49,3.33,2544679.75,Bearish,Bearish,Loss,Yes
SIG_0388,Day_387,SELL,Strong,4.07,29.85,57.27,2305.49,32.84,28.95,91.86,0.0,91.86,0.0,91.86,Incorrect,Yes,No,Target_Hit,5,1,33528.64,3.33,2544679.75,Bearish,Bullish,Profitable,Yes
SIG_0389,Day_388,BUY,Strong,44.84,57.27,30.05,3339.34,63.0,55.55,-47.53,-120946.71,0.91,-47.53,48.44,Incorrect,No,Yes,Stop_Loss,5,2,-8674.09,3.33,2423733.03,Bullish,Bearish,Loss,Yes
SIG_0390,Day_389,BUY,Strong,7.35,57.79,30.05,3584.62,63.57,56.06,-48.0,-116342.54,0.0,-48.0,48.0,Incorrect,No,Yes,Stop_Loss,5,1,-17520.51,3.33,2307390.49,Bullish,Bearish,Loss,Yes
SIG_0391,Day_390,SELL,Strong,27.62,30.05,57.62,2594.72,33.06,29.15,91.75,0.0,91.75,-0.3,92.05,Correct,Yes,No,Target_Hit,5,2,16743.84,3.33,2307390.49,Bearish,Bearish,Profitable,Yes
SIG_0392,Day_391,SELL,Strong,10.7,29.96,57.62,2316.98,32.96,29.06,92.32,0.0,92.32,0.0,92.32,Incorrect,Yes,No,Target_Hit,5,1,33697.93,3.33,2307390.49,Bearish,Bullish,Profitable,Yes
SIG_0393,Day_392,BUY,Strong,42.15,57.62,29.95,3293.55,63.38,55.89,-48.02,-110804.4,0.0,-48.02,48.02,Correct,No,Yes,Stop_Loss,5,1,-17527.85,3.33,2196586.09,Bullish,Bullish,Loss,Yes
SIG_0394,Day_393,SELL,Strong,21.61,29.95,57.12,2581.69,32.94,29.05,90.72,0.0,90.72,0.0,90.72,Incorrect,Yes,No,Target_Hit,5,1,33112.02,3.33,2196586.09,Bearish,Bullish,Profitable,Yes
SIG_0395,Day_394,BUY,Strong,33.02,57.12,30.0,3434.07,62.83,55.41,-47.48,-104291.69,0.0,-47.48,47.48,Incorrect,No,Yes,Stop_Loss,5,1,-17329.83,3.33,2092294.4,Bullish,Bearish,Loss,Yes
SIG_0396,Day_395,SELL,Strong,24.28,30.0,56.16,2600.13,33.0,29.1,87.2,0.0,87.2,0.0,87.2,Incorrect,Yes,No,Target_Hit,5,1,31828.0,3.33,2092294.4,Bearish,Bullish,Profitable,Yes
SIG_0397,Day_396,BUY,Strong,32.37,56.16,31.74,3441.84,61.78,54.48,-43.48,-90979.04,6.52,-43.48,50.0,Incorrect,No,Yes,Stop_Loss,5,2,-7935.63,3.33,2001315.36,Bullish,Bearish,Loss,Yes
SIG_0398,Day_397,BUY,Strong,3.96,59.82,31.74,3578.18,65.8,58.03,-46.94,-93943.39,0.0,-46.94,46.94,Correct,No,Yes,Stop_Loss,5,1,-17133.4,3.33,1907371.97,Bullish,Bullish,Loss,Yes
SIG_0399,Day_398,SELL,Strong,30.32,31.74,61.79,2493.32,34.91,30.79,94.68,0.0,94.68,0.0,94.68,Correct,Yes,No,Target_Hit,5,2,17278.28,3.33,1907371.97,Bearish,Bearish,Profitable,Yes
SIG_0400,Day_399,BUY,Strong,28.41,32.5,61.79,3201.71,35.75,31.52,90.12,171898.23,90.12,0.0,90.12,Correct,Yes,No,Target_Hit,5,1,32894.92,3.33,2079270.2,Bullish,Bullish,Profitable,Yes
SIG_0401,Day_400,SELL,Strong,24.74,61.79,32.08,2409.75,67.97,59.94,-48.08,0.0,0.0,-48.08,48.08,Correct,No,Yes,Stop_Loss,5,1,-17550.01,3.33,2079270.2,Bearish,Bearish,Loss,Yes
SIG_0402,Day_401,BUY,Strong,35.19,32.08,62.2,3257.69,35.29,31.12,93.89,195223.25,93.89,0.0,93.89,Correct,Yes,No,Target_Hit,5,1,34269.95,3.33,2274493.45,Bullish,Bullish,Profitable,Yes
SIG_0403,Day_402,SELL,Strong,24.07,62.2,31.57,2473.43,68.42,60.33,-49.24,0.0,0.0,-49.24,49.24,Correct,No,Yes,Stop_Loss,5,1,-17974.2,3.33,2274493.45,Bearish,Bearish,Loss,Yes
SIG_0404,Day_403,SELL,Strong,4.23,31.57,61.7,2368.77,34.73,30.62,95.44,0.0,95.44,0.0,95.44,Incorrect,Yes,No,Target_Hit,5,1,34835.13,3.33,2274493.45,Bearish,Bullish,Profitable,Yes
SIG_0405,Day_404,BUY,Strong,51.97,61.7,32.61,3599.75,67.87,59.85,-47.15,-107236.65,0.0,-47.15,47.15,Incorrect,No,Yes,Stop_Loss,5,1,-17208.83,3.33,2167256.8,Bullish,Bearish,Loss,Yes
SIG_0406,Day_405,SELL,Strong,20.01,32.61,64.53,2879.3,35.87,31.63,97.88,0.0,97.88,0.0,97.88,Incorrect,Yes,No,Target_Hit,5,1,35727.69,3.33,2167256.8,Bearish,Bullish,Profitable,Yes
SIG_0407,Day_406,BUY,Strong,33.04,64.53,32.89,3830.71,70.98,62.59,-49.03,-106263.76,0.0,-49.03,49.03,Incorrect,No,Yes,Stop_Loss,5,1,-17896.48,3.33,2060993.04,Bullish,Bearish,Loss,Yes
SIG_0408,Day_407,BUY,Strong,2.44,32.89,64.91,3924.03,36.18,31.9,97.35,200647.6,97.35,0.0,97.35,Correct,Yes,No,Target_Hit,5,1,35534.51,3.33,2261640.64,Bullish,Bullish,Profitable,Yes
SIG_0409,Day_408,SELL,Strong,30.01,64.91,34.46,2746.25,71.4,62.96,-46.91,0.0,0.0,-46.91,46.91,Correct,No,Yes,Stop_Loss,5,1,-17122.55,3.33,2261640.64,Bearish,Bearish,Loss,Yes
SIG_0410,Day_409,SELL,Strong,8.74,34.46,63.84,2506.28,37.91,33.43,85.26,0.0,85.26,0.0,85.26,Correct,Yes,No,Target_Hit,5,1,31119.27,3.33,2261640.64,Bearish,Bearish,Profitable,Yes
SIG_0411,Day_410,BUY,Strong,38.06,63.84,33.9,3460.07,70.22,61.92,-46.9,-106067.55,0.0,-46.9,46.9,Incorrect,No,Yes,Stop_Loss,5,1,-17117.95,3.33,2155573.1,Bullish,Bearish,Loss,Yes
SIG_0412,Day_411,SELL,Strong,21.17,33.9,64.08,2727.47,37.29,32.88,89.03,0.0,89.03,0.0,89.03,Incorrect,Yes,No,Target_Hit,5,1,32494.69,3.33,2155573.1,Bearish,Bullish,Profitable,Yes
SIG_0413,Day_412,BUY,Strong,29.08,64.08,34.12,3520.6,70.49,62.16,-46.75,-100781.79,0.0,-46.75,46.75,Incorrect,No,Yes,Stop_Loss,5,2,-8532.62,3.33,2054791.31,Bullish,Bearish,Loss,Yes
SIG_0414,Day_413,SELL,Strong,20.64,63.97,34.12,2793.88,70.37,62.05,-46.66,0.0,0.0,-46.66,46.66,Correct,No,Yes,Stop_Loss,5,1,-17031.81,3.33,2054791.31,Bearish,Bearish,Loss,Yes
SIG_0415,Day_414,BUY,Strong,24.39,34.12,63.95,3475.25,37.53,33.1,87.43,179643.68,87.43,-2.17,89.6,Incorrect,Yes,No,Target_Hit,5,2,15955.38,3.33,2234434.99,Bullish,Bearish,Profitable,Yes
SIG_0416,Day_415,BUY,Medium,1.29,33.38,63.95,3519.98,36.72,32.38,91.58,204633.55,91.58,0.0,91.58,Correct,Yes,No,Target_Hit,5,1,33427.35,3.33,2439068.54,Bullish,Bullish,Profitable,No
SIG_0417,Day_416,SELL,Strong,29.04,63.95,33.52,2497.87,70.35,62.03,-47.58,0.0,0.0,-47.58,47.58,Correct,No,Yes,Stop_Loss,5,1,-17368.18,3.33,2439068.54,Bearish,Bearish,Loss,Yes
SIG_0418,Day_417,SELL,Strong,6.26,33.52,62.48,2341.44,36.87,32.51,86.4,0.0,86.4,0.0,86.4,Incorrect,Yes,No,Target_Hit,5,1,31534.61,3.33,2439068.54,Bearish,Bullish,Profitable,Yes
SIG_0419,Day_418,BUY,Strong,37.45,62.48,33.91,3218.31,68.73,60.61,-45.73,-111530.39,0.0,-45.73,45.73,Incorrect,No,Yes,Stop_Loss,5,1,-16690.22,3.33,2327538.15,Bullish,Bearish,Loss,Yes
SIG_0420,Day_419,BUY,Strong,7.19,33.91,62.12,3449.75,37.3,32.89,83.19,193629.76,83.19,0.0,83.19,Incorrect,Yes,No,Target_Hit,5,1,30364.64,3.33,2521167.9,Bullish,Bearish,Profitable,Yes
